<?xml version="1.0" ?>
<odoo noupdate="1">
    <!-- pisamos la plantilla de odoo agregando display_name en vez de display_name -->

    <!-- Mail template are declared in a NOUPDATE block
         so users can freely customize/delete them -->
    <!--Email template -->
        <record id="account.email_template_edi_invoice" model="mail.template">
            <field name="subject">${object.company_id.name} Invoice (Ref ${object.display_name or 'n/a'})</field>
            <field name="body_html" type="html">
<div style="margin: 0px; padding: 0px;">
    <p style="margin: 0px; padding: 0px; font-size: 13px;">
        Dear ${object.partner_id.name}
        % if object.partner_id.parent_id:
            (${object.partner_id.parent_id.name})
        % endif
        <br /><br />
        Here is your 
        % if object.display_name:
            invoice <strong>${object.display_name}</strong>
        % else:
            invoice
        %endif
        % if object.origin:
            (with reference: ${object.origin})
        % endif
        amounting in <strong>${format_amount(object.amount_total, object.currency_id)}</strong>
        from ${object.company_id.name}.
        % if object.state=='paid':
            This invoice is already paid.
        % else:
            Please remit payment at your earliest convenience.
        % endif
        <br /><br />
        Do not hesitate to contact us if you have any question.
    </p>
</div>
            </field>
            <field name="report_name">Invoice_${(object.display_name or '').replace('/','_')}${object.state == 'draft' and '_draft' or ''}</field>
        </record>

</odoo>
