<?xml version="1.0" encoding="utf-8" ?>
<odoo>

    <template id="accordion_4" name="Accordion 4">
        <section class="mt64 mb64 accordion_4">
            <div class="container">
                <div class="row">
                    <div class="col-md-offset-2 col-md-8">
                        <div class="panel-group" id="accordion" role="tablist" aria-multiselectable="true">
                            <div class="panel panel-default">
                                <div class="panel-heading" role="tab" id="headingOne">
                                    <h4 class="panel-title">
                                        <a role="button" data-toggle="collapse" data-parent="#accordion"
                                           href="#collapseOne4" aria-expanded="true"
                                           aria-controls="collapseOne4">
                                            Section 1
                                        </a>
                                    </h4>
                                </div>
                                <div id="collapseOne4" class="panel-collapse collapse in" role="tabpanel"
                                     aria-labelledby="headingOne4">
                                    <div class="panel-body">
                                        Lorem ipsum dolor sit amet, consectetur adipiscing elit. Quisque lacinia
                                        lacinia mauris, at ultricies leo ornare nec. Vivamus eu est vel felis
                                        dignissim tempor. Nulla facilisi. Duis molestie tortor ac tempor
                                        volutpat. Phasellus nec mi aliquet, sollicitudin neque eget, consectetur
                                        libero. Vestibulum sollicitudin sapien libero, egestas tempus eros
                                        scelerisque eu.
                                    </div>
                                </div>
                            </div>
                            <div class="panel panel-default">
                                <div class="panel-heading" role="tab" id="headingTwo">
                                    <h4 class="panel-title">
                                        <a class="collapsed" role="button" data-toggle="collapse"
                                           data-parent="#accordion" href="#collapseTwo4" aria-expanded="false"
                                           aria-controls="collapseTwo4">
                                            Section 2
                                        </a>
                                    </h4>
                                </div>
                                <div id="collapseTwo4" class="panel-collapse collapse" role="tabpanel"
                                     aria-labelledby="headingTwo4">
                                    <div class="panel-body">
                                        Lorem ipsum dolor sit amet, consectetur adipiscing elit. Quisque lacinia
                                        lacinia mauris, at ultricies leo ornare nec. Vivamus eu est vel felis
                                        dignissim tempor. Nulla facilisi. Duis molestie tortor ac tempor
                                        volutpat. Phasellus nec mi aliquet, sollicitudin neque eget, consectetur
                                        libero. Vestibulum sollicitudin sapien libero, egestas tempus eros
                                        scelerisque eu.
                                    </div>
                                </div>
                            </div>
                            <div class="panel panel-default">
                                <div class="panel-heading" role="tab" id="headingThree">
                                    <h4 class="panel-title">
                                        <a class="collapsed" role="button" data-toggle="collapse"
                                           data-parent="#accordion" href="#collapseThree4" aria-expanded="false"
                                           aria-controls="collapseThree4">
                                            Section 3
                                        </a>
                                    </h4>
                                </div>
                                <div id="collapseThree4" class="panel-collapse collapse" role="tabpanel"
                                     aria-labelledby="headingThree4">
                                    <div class="panel-body">
                                        Lorem ipsum dolor sit amet, consectetur adipiscing elit. Quisque lacinia
                                        lacinia mauris, at ultricies leo ornare nec. Vivamus eu est vel felis
                                        dignissim tempor. Nulla facilisi. Duis molestie tortor ac tempor
                                        volutpat. Phasellus nec mi aliquet, sollicitudin neque eget, consectetur
                                        libero. Vestibulum sollicitudin sapien libero, egestas tempus eros
                                        scelerisque eu.
                                    </div>
                                </div>
                            </div>
                        </div>
                    </div>
                </div>
            </div>
        </section>

    </template>
</odoo>