<?xml version="1.0" encoding="utf-8" ?>
<odoo>

    <template id="counter_3" name="Counter 3">
        <section class="counter_3 bg-gray-lighter">
            <div class="container">
                <div class="row mt64 mb64">
                    <div class="col-md-3 col-sm-6">
                        <div class="counter state-counter">
                            <div class="counter-content count_to">
                                <i class="counter-icon fa fa-globe"></i>
                                <div class="odometer counter-value" contentEditable="False"
                                     data-number="1000"
                                     data-duration="1000"/>

                                <h3 class="title">Web Design</h3>
                            </div>
                        </div>
                    </div>

                    <div class="col-md-3 col-sm-6">
                        <div class="counter state-counter">
                            <div class="counter-content count_to">
                                <i class="counter-icon fa fa-rocket"></i>
                                <div class="odometer counter-value" contentEditable="False"
                                     data-number="6000"
                                     data-duration="6000"/>

                                <h3 class="title">Web Development</h3>
                            </div>
                        </div>
                    </div>

                    <div class="col-md-3 col-sm-6">
                        <div class="counter state-counter">
                            <div class="counter-content count_to">
                                <i class="counter-icon fa fa-briefcase"></i>
                                <div class="odometer counter-value" contentEditable="False"
                                     data-number="520"
                                     data-duration="2500"/>

                                <h3 class="title">Brand Building</h3>
                            </div>
                        </div>
                    </div>

                    <div class="col-md-3 col-sm-6">
                        <div class="counter state-counter">
                            <div class="counter-content count_to">
                                <i class="counter-icon fa fa-mobile"></i>
                                <div class="odometer counter-value" contentEditable="False"
                                     data-number="3000"
                                     data-duration="3000"/>

                                <h3 class="title">Responsive Design</h3>
                            </div>
                        </div>
                    </div>
                </div>
            </div>
        </section>

    </template>
</odoo>