<?xml version="1.0" encoding="utf-8" ?>
<odoo>

    <template id="our_team_5" name="Our Team 5">
        <section class="our_team_5 bg-gray-lighter">
            <div class="container">
                <div class="row mt64 mb64 ">
                    <div class="col-md-3 col-sm-6">
                        <div class="our-team">
                            <div class="pic">
                                <div class="layer-1">
                                    <div class="layer-2">
                                        <div class="layer-3">
                                            <img src="/tecspek_customize_theme/static/src/img/img-11.jpg"
                                                 alt=""/>
                                            <div class="social">
                                                <ul class="social-icon">
                                                    <li>
                                                        <a href="#" class="fa fa-facebook"></a>
                                                    </li>
                                                    <li>
                                                        <a href="#" class="fa fa-google-plus"></a>
                                                    </li>
                                                    <li>
                                                        <a href="#" class="fa fa-twitter"></a>
                                                    </li>
                                                </ul>
                                            </div>
                                        </div>
                                    </div>
                                </div>
                                <div class="team-info">
                                    <h3 class="title">Williamson</h3>
                                    <span class="post">Web Developer</span>
                                </div>
                            </div>
                            <p class="description">
                                Lorem ipsum dolor sit amet, consectetur adipiscing elit. Sed accumsan sagittis
                                nunc ac tempus. Curabitur.
                            </p>
                        </div>
                    </div>

                    <div class="col-md-3 col-sm-6">
                        <div class="our-team">
                            <div class="pic">
                                <div class="layer-1">
                                    <div class="layer-2">
                                        <div class="layer-3">
                                            <img src="/tecspek_customize_theme/static/src/img/img-22.jpg"
                                                 alt=""/>
                                            <div class="social">
                                                <ul class="social-icon">
                                                    <li>
                                                        <a href="#" class="fa fa-facebook"></a>
                                                    </li>
                                                    <li>
                                                        <a href="#" class="fa fa-google-plus"></a>
                                                    </li>
                                                    <li>
                                                        <a href="#" class="fa fa-twitter"></a>
                                                    </li>
                                                </ul>
                                            </div>
                                        </div>
                                    </div>
                                </div>
                                <div class="team-info">
                                    <h3 class="title">kristina</h3>
                                    <span class="post">Web Designer</span>
                                </div>
                            </div>
                            <p class="description">
                                Lorem ipsum dolor sit amet, consectetur adipiscing elit. Sed accumsan sagittis
                                nunc ac tempus. Curabitur.
                            </p>
                        </div>
                    </div>

                    <div class="col-md-3 col-sm-6">
                        <div class="our-team">
                            <div class="pic">
                                <div class="layer-1">
                                    <div class="layer-2">
                                        <div class="layer-3">
                                            <img src="/tecspek_customize_theme/static/src/img/img-33.jpg"
                                                 alt=""/>
                                            <div class="social">
                                                <ul class="social-icon">
                                                    <li>
                                                        <a href="#" class="fa fa-facebook"></a>
                                                    </li>
                                                    <li>
                                                        <a href="#" class="fa fa-google-plus"></a>
                                                    </li>
                                                    <li>
                                                        <a href="#" class="fa fa-twitter"></a>
                                                    </li>
                                                </ul>
                                            </div>
                                        </div>
                                    </div>
                                </div>
                                <div class="team-info">
                                    <h3 class="title">Steve Thomas</h3>
                                    <span class="post">Web Developer</span>
                                </div>
                            </div>
                            <p class="description">
                                Lorem ipsum dolor sit amet, consectetur adipiscing elit. Sed accumsan sagittis
                                nunc ac tempus. Curabitur.
                            </p>
                        </div>
                    </div>
                    <div class="col-md-3 col-sm-6">
                        <div class="our-team">
                            <div class="pic">
                                <div class="layer-1">
                                    <div class="layer-2">
                                        <div class="layer-3">
                                            <img src="/tecspek_customize_theme/static/src/img/img-44.jpg"
                                                 alt=""/>
                                            <div class="social">
                                                <ul class="social-icon">
                                                    <li>
                                                        <a href="#" class="fa fa-facebook"></a>
                                                    </li>
                                                    <li>
                                                        <a href="#" class="fa fa-google-plus"></a>
                                                    </li>
                                                    <li>
                                                        <a href="#" class="fa fa-twitter"></a>
                                                    </li>
                                                </ul>
                                            </div>
                                        </div>
                                    </div>
                                </div>
                                <div class="team-info">
                                    <h3 class="title">Steve Thomas</h3>
                                    <span class="post">Web Developer</span>
                                </div>
                            </div>
                            <p class="description">
                                Lorem ipsum dolor sit amet, consectetur adipiscing elit. Sed accumsan sagittis
                                nunc ac tempus. Curabitur.
                            </p>
                        </div>
                    </div>
                </div>
            </div>
        </section>

    </template>
</odoo>