<?xml version="1.0" encoding="utf-8" ?>
<odoo>

    <template id="our_team_2" name="Our Team 2">
        <section class="our_team_2 mt64 mb64">
            <div class="container">
                <div class="row">
                    <div class="col-md-3 col-sm-6">
                        <div class="our-team">
                            <img src="/tecspek_customize_theme/static/src/img/img-1.jpg" alt=""/>

                            <div class="team-profile">
                                <h3 class="team-title">
                                    <a href="#">Miranda joy</a>
                                </h3>
                                <span class="post">Web Designer</span>
                                <p class="description">Lorem ipsum dolor sit amet, consectetur adipiscing elit.
                                    Nam et tincidunt ligula. Duis justo arcu, tempor rutrum congue.
                                </p>

                                <ul class="social-links">
                                    <li>
                                        <a href="#" class="fa fa-facebook"></a>
                                    </li>
                                    <li>
                                        <a href="#" class="fa fa-twitter"></a>
                                    </li>
                                    <li>
                                        <a href="#" class="fa fa-google-plus"></a>
                                    </li>
                                </ul>
                            </div>
                        </div>
                    </div>

                    <div class="col-md-3 col-sm-6">
                        <div class="our-team">
                            <img src="/tecspek_customize_theme/static/src/img/img-2.jpg" alt=""/>

                            <div class="team-profile">
                                <h3 class="team-title">
                                    <a href="#">Williamson</a>
                                </h3>
                                <span class="post">Web Developer</span>
                                <p class="description">Lorem ipsum dolor sit amet, consectetur adipiscing elit.
                                    Nam et tincidunt ligula. Duis justo arcu, tempor rutrum congue.
                                </p>

                                <ul class="social-links">
                                    <li>
                                        <a href="#" class="fa fa-facebook"></a>
                                    </li>
                                    <li>
                                        <a href="#" class="fa fa-twitter"></a>
                                    </li>
                                    <li>
                                        <a href="#" class="fa fa-google-plus"></a>
                                    </li>
                                </ul>
                            </div>
                        </div>
                    </div>

                    <div class="col-md-3 col-sm-6">
                        <div class="our-team">
                            <img src="/tecspek_customize_theme/static/src/img/img-3.jpg" alt=""/>

                            <div class="team-profile">
                                <h3 class="team-title">
                                    <a href="#">Kristiana</a>
                                </h3>
                                <span class="post">Web Developer</span>
                                <p class="description">Lorem ipsum dolor sit amet, consectetur adipiscing elit.
                                    Nam et tincidunt ligula. Duis justo arcu, tempor rutrum congue.
                                </p>

                                <ul class="social-links">
                                    <li>
                                        <a href="#" class="fa fa-facebook"></a>
                                    </li>
                                    <li>
                                        <a href="#" class="fa fa-twitter"></a>
                                    </li>
                                    <li>
                                        <a href="#" class="fa fa-google-plus"></a>
                                    </li>
                                </ul>
                            </div>
                        </div>
                    </div>

                    <div class="col-md-3 col-sm-6">
                        <div class="our-team">
                            <img src="/tecspek_customize_theme/static/src/img/img-4.jpg" alt=""/>

                            <div class="team-profile">
                                <h3 class="team-title">
                                    <a href="#">Steve thomas</a>
                                </h3>
                                <span class="post">Web Designer</span>
                                <p class="description">Lorem ipsum dolor sit amet, consectetur adipiscing elit.
                                    Nam et tincidunt ligula. Duis justo arcu, tempor rutrum congue.
                                </p>

                                <ul class="social-links">
                                    <li>
                                        <a href="#" class="fa fa-facebook"></a>
                                    </li>
                                    <li>
                                        <a href="#" class="fa fa-twitter"></a>
                                    </li>
                                    <li>
                                        <a href="#" class="fa fa-google-plus"></a>
                                    </li>
                                </ul>
                            </div>
                        </div>
                    </div>
                </div>
            </div>
        </section>

    </template>
</odoo>