<?xml version="1.0" encoding="utf-8" ?>
<odoo>

    <template id="our_service_2" name="Our Service 2">
        <section class="service_2 mt64 mb64">
            <div class="container">
                <div class="row">
                    <div class="col-md-3 col-sm-6">
                        <div class="serviceBox">
                            <div class="service-icon1">
                                <strong></strong>
                                <span></span>
                                <em class="icons">
                                    <i class="fa fa-laptop"></i>
                                </em>
                            </div>
                            <div class="service-content">
                                <p>Lorem ipsum dolor sit amet, consectetur adipiscing elit. Aliquam ultrices
                                    sapien vel quam luctus pulvinar. Etiam at.
                                </p>
                                <a class="read" href="#">more</a>
                            </div>
                        </div>
                    </div>

                    <div class="col-md-3 col-sm-6">
                        <div class="serviceBox">
                            <div class="service-icon2">
                                <strong></strong>
                                <span></span>
                                <em class="icons">
                                    <i class="fa fa-briefcase"></i>
                                </em>
                            </div>
                            <div class="service-content">
                                <p>Lorem ipsum dolor sit amet, consectetur adipiscing elit. Aliquam ultrices
                                    sapien vel quam luctus pulvinar. Etiam at.
                                </p>
                                <a class="read" href="#">more</a>
                            </div>
                        </div>
                    </div>

                    <div class="col-md-3 col-sm-6">
                        <div class="serviceBox">
                            <div class="service-icon3">
                                <strong></strong>
                                <span></span>
                                <em class="icons">
                                    <i class="fa fa-mobile"></i>
                                </em>
                            </div>
                            <div class="service-content">
                                <p>Lorem ipsum dolor sit amet, consectetur adipiscing elit. Aliquam ultrices
                                    sapien vel quam luctus pulvinar. Etiam at.
                                </p>
                                <a class="read" href="#">more</a>
                            </div>
                        </div>
                    </div>

                    <div class="col-md-3 col-sm-6">
                        <div class="serviceBox">
                            <div class="service-icon4">
                                <strong></strong>
                                <span></span>
                                <em class="icons">
                                    <i class="fa fa-rocket"></i>
                                </em>
                            </div>
                            <div class="service-content">
                                <p>Lorem ipsum dolor sit amet, consectetur adipiscing elit. Aliquam ultrices
                                    sapien vel quam luctus pulvinar. Etiam at.
                                </p>
                                <a class="read" href="#">more</a>
                            </div>
                        </div>
                    </div>
                </div>
            </div>
        </section>

    </template>
</odoo>