<?xml version="1.0" encoding="utf-8" ?>
<odoo>

    <template id="our_service_4" name="Our Service 4">
        <section class="service_4 mt64 mb64">
            <div class="container">
                <div class="row">
                    <div class="col-md-3 col-sm-6">
                        <div class="serviceBox">
                            <div class="service-icon">
                                <i class="fa fa-globe"></i>
                            </div>
                            <div class="service-content">
                                <h3>Web Development</h3>
                                <p>
                                    Lorem ipsum dolor sit amet, consectetur adipiscing elit. Integer dictum
                                    malesuada.
                                </p>
                            </div>
                            <div class="read">
                                <a href="#">read more...</a>
                            </div>
                        </div>
                    </div>

                    <div class="col-md-3 col-sm-6">
                        <div class="serviceBox">
                            <div class="service-icon">
                                <i class="fa fa-rocket"></i>
                            </div>
                            <div class="service-content">
                                <h3>Brand Building</h3>
                                <p>
                                    Lorem ipsum dolor sit amet, consectetur adipiscing elit. Integer dictum
                                    malesuada.
                                </p>
                            </div>
                            <div class="read">
                                <a href="#">read more...</a>
                            </div>
                        </div>
                    </div>

                    <div class="col-md-3 col-sm-6">
                        <div class="serviceBox">
                            <div class="service-icon">
                                <i class="fa fa-user-md"></i>
                            </div>
                            <div class="service-content">
                                <h3>Responsive Design</h3>
                                <p>
                                    Lorem ipsum dolor sit amet, consectetur adipiscing elit. Integer dictum
                                    malesuada.
                                </p>
                            </div>
                            <div class="read">
                                <a href="#">read more...</a>
                            </div>
                        </div>
                    </div>

                    <div class="col-md-3 col-sm-6">
                        <div class="serviceBox">
                            <div class="service-icon">
                                <i class="fa fa-twitter"></i>
                            </div>
                            <div class="service-content">
                                <h3>Clean &amp; Clear Design</h3>
                                <p>
                                    Lorem ipsum dolor sit amet, consectetur adipiscing elit. Integer dictum
                                    malesuada.
                                </p>
                            </div>
                            <div class="read">
                                <a href="#">read more...</a>
                            </div>
                        </div>
                    </div>
                </div>
            </div>
        </section>

    </template>
</odoo>