<?xml version="1.0" encoding="utf-8" ?>
<odoo>

    <template id="our_team_1" name="Our Team 1">
        <section class="our_team_1 bg-gray-lighter">
            <div class="container">
                <div class="row mt64 mb64 ">
                    <div class="col-md-3 col-sm-6">
                        <div class="our-team">
                            <div class="pic">
                                <img src="/tecspek_customize_theme/static/src/img/img-1.jpg" alt=""/>
                                <div class="social_media_team">
                                    <ul class="team_social">
                                        <li>
                                            <a href="#">
                                                <i class="fa fa-envelope"></i>
                                            </a>
                                        </li>
                                        <li>
                                            <a href="#">
                                                <i class="fa fa-google-plus"></i>
                                            </a>
                                        </li>
                                        <li>
                                            <a href="#">
                                                <i class="fa fa-twitter"></i>
                                            </a>
                                        </li>
                                        <li>
                                            <a href="#">
                                                <i class="fa fa-facebook"></i>
                                            </a>
                                        </li>
                                    </ul>
                                </div>
                            </div>

                            <div class="team-prof">
                                <h3 class="post-title">
                                    <a href="#">williamson</a>
                                    <small>Web Developer</small>
                                </h3>
                                <p class="description">
                                    Lorem ipsum dolor sit amet, consectetur adipiscing elit. Sed sed augue
                                    laoreet, tincidunt odio quis, maximus purus. Donec.
                                </p>
                                <a href="#" class="read">Read more</a>
                            </div>
                        </div>
                    </div>

                    <div class="col-md-3 col-sm-6">
                        <div class="our-team">
                            <div class="pic">
                                <img src="/tecspek_customize_theme/static/src/img/img-2.jpg" alt=""/>
                                <div class="social_media_team">
                                    <ul class="team_social">
                                        <li>
                                            <a href="#">
                                                <i class="fa fa-envelope"></i>
                                            </a>
                                        </li>
                                        <li>
                                            <a href="#">
                                                <i class="fa fa-google-plus"></i>
                                            </a>
                                        </li>
                                        <li>
                                            <a href="#">
                                                <i class="fa fa-twitter"></i>
                                            </a>
                                        </li>
                                        <li>
                                            <a href="#">
                                                <i class="fa fa-facebook"></i>
                                            </a>
                                        </li>
                                    </ul>
                                </div>
                            </div>

                            <div class="team-prof">
                                <h3 class="post-title">
                                    <a href="#">miranda joy</a>
                                    <small>Web Desginer</small>
                                </h3>
                                <p class="description">
                                    Lorem ipsum dolor sit amet, consectetur adipiscing elit. Sed sed augue
                                    laoreet, tincidunt odio quis, maximus purus. Donec.
                                </p>
                                <a href="#" class="read">Read more</a>
                            </div>
                        </div>
                    </div>

                    <div class="col-md-3 col-sm-6">
                        <div class="our-team">
                            <div class="pic">
                                <img src="/tecspek_customize_theme/static/src/img/img-3.jpg" alt=""/>
                                <div class="social_media_team">
                                    <ul class="team_social">
                                        <li>
                                            <a href="#">
                                                <i class="fa fa-envelope"></i>
                                            </a>
                                        </li>
                                        <li>
                                            <a href="#">
                                                <i class="fa fa-google-plus"></i>
                                            </a>
                                        </li>
                                        <li>
                                            <a href="#">
                                                <i class="fa fa-twitter"></i>
                                            </a>
                                        </li>
                                        <li>
                                            <a href="#">
                                                <i class="fa fa-facebook"></i>
                                            </a>
                                        </li>
                                    </ul>
                                </div>
                            </div>

                            <div class="team-prof">
                                <h3 class="post-title">
                                    <a href="#">steve thomas</a>
                                    <small>Web Developer</small>
                                </h3>
                                <p class="description">
                                    Lorem ipsum dolor sit amet, consectetur adipiscing elit. Sed sed augue
                                    laoreet, tincidunt odio quis, maximus purus. Donec.
                                </p>
                                <a href="#" class="read">Read more</a>
                            </div>
                        </div>
                    </div>

                    <div class="col-md-3 col-sm-6">
                        <div class="our-team">
                            <div class="pic">
                                <img src="/tecspek_customize_theme/static/src/img/img-4.jpg" alt=""/>
                                <div class="social_media_team">
                                    <ul class="team_social">
                                        <li>
                                            <a href="#">
                                                <i class="fa fa-envelope"></i>
                                            </a>
                                        </li>
                                        <li>
                                            <a href="#">
                                                <i class="fa fa-google-plus"></i>
                                            </a>
                                        </li>
                                        <li>
                                            <a href="#">
                                                <i class="fa fa-twitter"></i>
                                            </a>
                                        </li>
                                        <li>
                                            <a href="#">
                                                <i class="fa fa-facebook"></i>
                                            </a>
                                        </li>
                                    </ul>
                                </div>
                            </div>

                            <div class="team-prof">
                                <h3 class="post-title">
                                    <a href="#">kristiana</a>
                                    <small>Web Desginer</small>
                                </h3>
                                <p class="description">
                                    Lorem ipsum dolor sit amet, consectetur adipiscing elit. Sed sed augue
                                    laoreet, tincidunt odio quis, maximus purus. Donec.
                                </p>
                                <a href="#" class="read">Read more</a>
                            </div>
                        </div>
                    </div>
                </div>
            </div>
        </section>

    </template>
</odoo>