<?xml version="1.0" encoding="utf-8" ?>
<odoo>

    <template id="our_service_5" name="Our Service 5">
        <section class="service_5 mt64 mb64">
            <div class="container">
                <div class="row">
                    <div class="col-md-4 col-sm-6">
                        <div class="serviceBox">
                            <div class="service-icon">
                                <i class="fa fa-globe"></i>
                            </div>
                            <div class="service-Content">
                                <h3 class="title">Web Design</h3>
                                <p class="description">
                                    Lorem ipsum dolor sit amet, consectetur adipisicing elit. Aperiam architecto
                                    cum dolore dolores fuga libero magni placeat possimus sequi
                                </p>
                            </div>
                        </div>
                    </div>

                    <div class="col-md-4 col-sm-6">
                        <div class="serviceBox">
                            <div class="service-icon">
                                <i class="fa fa-briefcase"></i>
                            </div>
                            <div class="service-Content">
                                <h3 class="title">Brand Building</h3>
                                <p class="description">
                                    Lorem ipsum dolor sit amet, consectetur adipisicing elit. Aperiam architecto
                                    cum dolore dolores fuga libero magni placeat possimus sequi
                                </p>
                            </div>
                        </div>
                    </div>

                    <div class="col-md-4 col-sm-6">
                        <div class="serviceBox">
                            <div class="service-icon">
                                <i class="fa fa-mobile"></i>
                            </div>
                            <div class="service-Content">
                                <h3 class="title">Responsive Design</h3>
                                <p class="description">
                                    Lorem ipsum dolor sit amet, consectetur adipisicing elit. Aperiam architecto
                                    cum dolore dolores fuga libero magni placeat possimus sequi
                                </p>
                            </div>
                        </div>
                    </div>
                </div>
            </div>
        </section>

    </template>
</odoo>