<?xml version="1.0" encoding="utf-8" ?>
<odoo>

    <template id="price_table_3" name="Our Price Table 3">
        <section class="price_table_3 mt64 mb64">
            <div class="container">
                <div class="row">
                    <div class="col-md-3 col-sm-6">
                        <div class="pricingTable">
                            <div class="pricingTable-header">
                                <span class="heading">
                                    <h3>Standard</h3>
                                    <i class="fa fa-caret-square-o-right"></i>
                                </span>
                                <span class="price-value">$
                                    <span>10</span>
                                    <span class="month">/per month</span>
                                </span>
                            </div>

                            <div class="pricingContent">
                                <ul>
                                    <li>50GB Disk Space</li>
                                    <li>50 Email Accounts</li>
                                    <li>50GB Monthly Bandwidth</li>
                                    <li>50 Domains</li>
                                    <li>Unlimited Subdomains</li>
                                </ul>
                            </div><!-- /  CONTENT BOX-->

                            <div class="pricingTable-sign-up">
                                <a href="#" class="btn btn-block btn-default">sign up</a>
                            </div><!-- BUTTON BOX-->
                        </div>
                    </div>

                    <div class="col-md-3 col-sm-6">
                        <div class="pricingTable">
                            <div class="pricingTable-header">
                                <span class="heading">
                                    <h3>Business</h3>
                                    <i class="fa fa-check-circle-o"></i>
                                </span>
                                <span class="price-value">$
                                    <span>20</span>
                                    <span class="month">/per month</span>
                                </span>
                            </div>

                            <div class="pricingContent">
                                <ul>
                                    <li>50GB Disk Space</li>
                                    <li>50 Email Accounts</li>
                                    <li>50GB Monthly Bandwidth</li>
                                    <li>50 Domains</li>
                                    <li>Unlimited Subdomains</li>
                                </ul>
                            </div><!-- /  CONTENT BOX-->

                            <div class="pricingTable-sign-up">
                                <a href="#" class="btn btn-block btn-default">sign up</a>
                            </div><!-- BUTTON BOX-->
                        </div>
                    </div>

                    <div class="col-md-3 col-sm-6">
                        <div class="pricingTable">
                            <div class="pricingTable-header">
                                <span class="heading">
                                    <h3>Premium</h3>
                                    <i class="fa fa-shield"></i>
                                </span>
                                <span class="price-value">$
                                    <span>30</span>
                                    <span class="month">/per month</span>
                                </span>
                            </div>

                            <div class="pricingContent">
                                <ul>
                                    <li>50GB Disk Space</li>
                                    <li>50 Email Accounts</li>
                                    <li>50GB Monthly Bandwidth</li>
                                    <li>50 Domains</li>
                                    <li>Unlimited Subdomains</li>
                                </ul>
                            </div><!-- /  CONTENT BOX-->

                            <div class="pricingTable-sign-up">
                                <a href="#" class="btn btn-block btn-default">sign up</a>
                            </div><!-- BUTTON BOX-->
                        </div>
                    </div>

                    <div class="col-md-3 col-sm-6">
                        <div class="pricingTable">
                            <div class="pricingTable-header">
                                <span class="heading">
                                    <h3>Extra</h3>
                                    <i class="fa fa-life-ring"></i>
                                </span>
                                <span class="price-value">$
                                    <span>40</span>
                                    <span class="month">/per month</span>
                                </span>
                            </div>

                            <div class="pricingContent">
                                <ul>
                                    <li>50GB Disk Space</li>
                                    <li>50 Email Accounts</li>
                                    <li>50GB Monthly Bandwidth</li>
                                    <li>50 Domains</li>
                                    <li>Unlimited Subdomains</li>
                                </ul>
                            </div><!-- /  CONTENT BOX-->

                            <div class="pricingTable-sign-up">
                                <a href="#" class="btn btn-block btn-default">sign up</a>
                            </div><!-- BUTTON BOX-->
                        </div>
                    </div>
                </div>
            </div>
        </section>

    </template>
</odoo>