<?xml version="1.0" encoding="utf-8" ?>
<odoo>

    <template id="tab_5" name="Tab 5">
        <section class="mt64 mb64 tab_5">
            <div class="container">
                <div class="row">
                    <div class="col-md-offset-2 col-md-8">
                        <div class="vertical-tab" role="tabpanel">
                            <!-- Nav tabs -->
                            <ul class="nav nav-tabs" role="tablist">
                                <li role="presentation" class="active">
                                    <a href="#Section11111" aria-controls="home" role="tab" data-toggle="tab">
                                        Section 1
                                    </a>
                                </li>
                                <li role="presentation">
                                    <a href="#Section22222" aria-controls="profile" role="tab"
                                       data-toggle="tab">
                                        Section 2
                                    </a>
                                </li>
                                <li role="presentation">
                                    <a href="#Section33333" aria-controls="messages" role="tab"
                                       data-toggle="tab">
                                        Section 3
                                    </a>
                                </li>
                            </ul>
                            <!-- Tab panes -->
                            <div class="tab-content tabs">
                                <div role="tabpanel" class="tab-pane fade in active" id="Section11111">
                                    <h3>Section 1</h3>
                                    <p>Lorem ipsum dolor sit amet, consectetur adipiscing elit. Fusce semper,
                                        magna a ultricies volutpat, mi eros viverra massa, vitae consequat nisi
                                        justo in tortor. Proin accumsan felis ac felis dapibus, non iaculis mi
                                        varius.
                                    </p>
                                </div>
                                <div role="tabpanel" class="tab-pane fade" id="Section22222">
                                    <h3>Section 2</h3>
                                    <p>Lorem ipsum dolor sit amet, consectetur adipiscing elit. Fusce semper,
                                        magna a ultricies volutpat, mi eros viverra massa, vitae consequat nisi
                                        justo in tortor. Proin accumsan felis ac felis dapibus, non iaculis mi
                                        varius.
                                    </p>
                                </div>
                                <div role="tabpanel" class="tab-pane fade" id="Section33333">
                                    <h3>Section 3</h3>
                                    <p>Lorem ipsum dolor sit amet, consectetur adipiscing elit. Fusce semper,
                                        magna a ultricies volutpat, mi eros viverra massa, vitae consequat nisi
                                        justo in tortor. Proin accumsan felis ac felis dapibus, non iaculis mi
                                        varius.
                                    </p>
                                </div>
                            </div>
                        </div>
                    </div>
                </div>
            </div>
        </section>

    </template>
</odoo>