<?xml version="1.0" encoding="utf-8" ?>
<odoo>

    <template id="tab_1" name="Tab 1">
        <section class="mt64 mb64 tab_1">
            <div class="container">
                <div class="row">
                    <div class="col-md-offset-3 col-md-6">
                        <div class="tab">
                            <!-- Nav tabs -->
                            <ul class="nav nav-tabs" role="tablist">
                                <li role="presentation" class="active">
                                    <a href="#Section1" aria-controls="home" role="tab" data-toggle="tab"
                                       class="blue" aria-expanded="true">Section 1
                                    </a>
                                </li>
                                <li role="presentation" class="">
                                    <a href="#Section2" aria-controls="profile" role="tab" data-toggle="tab"
                                       class="orange" aria-expanded="false">Section 2
                                    </a>
                                </li>
                                <li role="presentation" class="">
                                    <a href="#Section3" aria-controls="messages" role="tab" data-toggle="tab"
                                       class="pink" aria-expanded="false">Section 3
                                    </a>
                                </li>
                            </ul>
                            <!-- Tab panes -->
                            <div class="tab-content">
                                <div role="tabpanel" class="tab-pane fade active in" id="Section1">
                                    <h4>Section 1</h4>
                                    <p>
                                        Lorem ipsum dolor sit amet, consectetur adipiscing elit. Duis tempor
                                        urna lacus, ut viverra lorem mollis non. Class aptent taciti sociosqu ad
                                        litora torquent per conubia nostra, per inceptos himenaeos. Sed vel
                                        malesuada ipsum. Nam commodo, est nec dictum bibendum.
                                    </p>
                                </div>
                                <div role="tabpanel" class="tab-pane fade" id="Section2">
                                    <h4>Section 2</h4>
                                    <p>
                                        Lorem ipsum dolor sit amet, consectetur adipiscing elit. Duis tempor
                                        urna lacus, ut viverra lorem mollis non. Class aptent taciti sociosqu ad
                                        litora torquent per conubia nostra, per inceptos himenaeos. Sed vel
                                        malesuada ipsum. Nam commodo, est nec dictum bibendum.
                                    </p>
                                </div>
                                <div role="tabpanel" class="tab-pane fade" id="Section3">
                                    <h4>Section 3</h4>
                                    <p>
                                        Lorem ipsum dolor sit amet, consectetur adipiscing elit. Duis tempor
                                        urna lacus, ut viverra lorem mollis non. Class aptent taciti sociosqu ad
                                        litora torquent per conubia nostra, per inceptos himenaeos. Sed vel
                                        malesuada ipsum. Nam commodo, est nec dictum bibendum.
                                    </p>
                                </div>
                            </div>
                        </div>
                    </div>
                </div>
            </div>
        </section>

    </template>
</odoo>