<?xml version="1.0" encoding="utf-8" ?>
<odoo>

    <template id="testimonial_3" name="Testimonial 3">
        <section class="mt64 mb64 testimonial_3">
            <div class="container">
                <div class="row">
                    <div class="col-md-12">
                        <div id="testimonial-slider-3" class="owl-carousel">
                            <div class="testimonial">
                                <div class="pic">
                                    <img src="/tecspek_customize_theme/static/src/img/t_img-1.jpg" alt=""/>
                                </div>
                                <div class="testimonial-content">
                                    <h3 class="testimonial-title">
                                        <a href="#">williamson</a>
                                    </h3>
                                    <p class="description">
                                        Lorem ipsum dolor sit amet, consectetur adipiscing elit. Quisque
                                        fermentum euismod mi in sodales. Integer vestibulum lectus non risus
                                        dictum iaculis. Proin eu ornare nibh.
                                    </p>
                                </div>
                            </div>

                            <div class="testimonial">
                                <div class="pic">
                                    <img src="/tecspek_customize_theme/static/src/img/t_img-2.jpg" alt=""/>
                                </div>
                                <div class="testimonial-content">
                                    <h3 class="testimonial-title">
                                        <a href="#">Kristiana</a>
                                    </h3>
                                    <p class="description">
                                        Lorem ipsum dolor sit amet, consectetur adipiscing elit. Quisque
                                        fermentum euismod mi in sodales. Integer vestibulum lectus non risus
                                        dictum iaculis. Proin eu ornare nibh.
                                    </p>
                                </div>
                            </div>
                            <div class="testimonial">
                                <div class="pic">
                                    <img src="/tecspek_customize_theme/static/src/img/t_img-3.jpg" alt=""/>
                                </div>
                                <div class="testimonial-content">
                                    <h3 class="testimonial-title">
                                        <a href="#">williamson</a>
                                    </h3>
                                    <p class="description">
                                        Lorem ipsum dolor sit amet, consectetur adipiscing elit. Quisque
                                        fermentum euismod mi in sodales. Integer vestibulum lectus non risus
                                        dictum iaculis. Proin eu ornare nibh.
                                    </p>
                                </div>
                            </div>
                            <div class="testimonial">
                                <div class="pic">
                                    <img src="/tecspek_customize_theme/static/src/img/t_img-1.jpg" alt=""/>
                                </div>
                                <div class="testimonial-content">
                                    <h3 class="testimonial-title">
                                        <a href="#">williamson</a>
                                    </h3>
                                    <p class="description">
                                        Lorem ipsum dolor sit amet, consectetur adipiscing elit. Quisque
                                        fermentum euismod mi in sodales. Integer vestibulum lectus non risus
                                        dictum iaculis. Proin eu ornare nibh.
                                    </p>
                                </div>
                            </div>


                        </div>
                    </div>
                </div>
            </div>
        </section>

    </template>
</odoo>