<?xml version="1.0" encoding="UTF-8"?>
<templates id="template" xml:space="preserve">
    <t t-extend="OrderSelectorWidget">
        <t t-jquery="div.order-selector" t-operation="append">
            <div>
                <span class="order-button square add-product">
                    Add Product
                </span>
            </div>
        </t>
    </t>
    <t t-name="ProductCreationWidget">
        <div class="modal-dialog">
            <div class="popup popup-product-creation">
                <p class="title">Create Product</p>
                Name : <input class="name" type='text' style="width:60%;height:34px;border-radius:5px;"></input> <br /><br />
                Type :
                <select class="type" style="width:35%;height:30px;border-radius:5px;">
                    <option>Consumable</option>
                    <option>Stockable</option>
                    <option>Service</option>
                </select>
                <br /><br />
                Category:
                <select class="category" style="width:27%;height:30px;border-radius:5px;">
                    <t t-foreach="widget.category || []" t-as="item">
                        <option>
                            <t t-esc='item'/>
                        </option>
                    </t>
                </select><br /><br />
                UoM: 
                <select class="uom" style="width:15%;height:30px;border-radius:5px;">
                    <t t-foreach="widget.units || []" t-as="item">
                        <option>
                            <t t-esc='item'/>
                        </option>
                    </t>
                </select>
                 
                <span /><span />Price : <input class="price" type='text' style="width:18%;height:10px !important;border-radius:5px;"></input>
                <div class="footer">
                    <div class="button confirm">
                        Ok
                    </div>
                    <div class="button cancel">
                        Cancel
                    </div>
                </div>
            </div>
        </div>
    </t>

</templates>