<odoo>
    <data>
        <record id="l10n_co.1_l10n_co_tax_0" model="account.tax">
            <field name="nombre_tecnico_dian">IVA</field>
            <field name="codigo_fe_dian">01</field>
        </record>
        <record id="l10n_co.1_l10n_co_tax_1" model="account.tax">
            <field name="nombre_tecnico_dian">IVA</field>
            <field name="codigo_fe_dian">01</field>
        </record>
        <record id="l10n_co.1_l10n_co_tax_2" model="account.tax">
            <field name="nombre_tecnico_dian">IVA</field>
            <field name="codigo_fe_dian">01</field>
        </record>
        <record id="l10n_co.1_l10n_co_tax_4" model="account.tax">
            <field name="nombre_tecnico_dian">IVA</field>
            <field name="codigo_fe_dian">01</field>
        </record>
        <record id="l10n_co.1_l10n_co_tax_5" model="account.tax">
            <field name="nombre_tecnico_dian">IVA</field>
            <field name="codigo_fe_dian">01</field>
        </record>
        <record id="l10n_co.1_l10n_co_tax_6" model="account.tax">
            <field name="nombre_tecnico_dian">IVA</field>
            <field name="codigo_fe_dian">01</field>
        </record>
        <record id="l10n_co.1_l10n_co_tax_7" model="account.tax">
            <field name="nombre_tecnico_dian">IVA</field>
            <field name="codigo_fe_dian">01</field>
        </record>
        <record id="l10n_co.1_l10n_co_tax_8" model="account.tax">
            <field name="nombre_tecnico_dian">IVA</field>
            <field name="codigo_fe_dian">01</field>
        </record>
        <record id="l10n_co.1_l10n_co_tax_9" model="account.tax">
            <field name="nombre_tecnico_dian">IVA</field>
            <field name="codigo_fe_dian">01</field>
        </record>
        <record id="l10n_co.1_l10n_co_tax_10" model="account.tax">
            <field name="nombre_tecnico_dian">IVA</field>
            <field name="codigo_fe_dian">01</field>
        </record>
        <record id="l10n_co.1_l10n_co_tax_11" model="account.tax">
            <field name="nombre_tecnico_dian">IVA</field>
            <field name="codigo_fe_dian">01</field>
        </record>
        <record id="l10n_co.1_l10n_co_tax_12" model="account.tax">
            <field name="nombre_tecnico_dian">ReteIVA</field>
            <field name="codigo_fe_dian">05</field>
        </record>
        <record id="l10n_co.1_l10n_co_tax_13" model="account.tax">
            <field name="nombre_tecnico_dian">ReteIVA</field>
            <field name="codigo_fe_dian">05</field>
        </record>
        <record id="l10n_co.1_l10n_co_tax_14" model="account.tax">
            <field name="nombre_tecnico_dian">ReteIVA</field>
            <field name="codigo_fe_dian">05</field>
        </record>
        <record id="l10n_co.1_l10n_co_tax_15" model="account.tax">
            <field name="nombre_tecnico_dian">ReteIVA</field>
            <field name="codigo_fe_dian">05</field>
        </record>
        <record id="l10n_co.1_l10n_co_tax_16" model="account.tax">
            <field name="nombre_tecnico_dian">ReteFuente</field>
            <field name="codigo_fe_dian">06</field>
        </record>
        <record id="l10n_co.1_l10n_co_tax_17" model="account.tax">
            <field name="nombre_tecnico_dian">ReteFuente</field>
            <field name="codigo_fe_dian">06</field>
        </record>
        <record id="l10n_co.1_l10n_co_tax_18" model="account.tax">
            <field name="nombre_tecnico_dian">ReteFuente</field>
            <field name="codigo_fe_dian">06</field>
        </record>
        <record id="l10n_co.1_l10n_co_tax_19" model="account.tax">
            <field name="nombre_tecnico_dian">ReteFuente</field>
            <field name="codigo_fe_dian">06</field>
        </record>
        <record id="l10n_co.1_l10n_co_tax_20" model="account.tax">
            <field name="nombre_tecnico_dian">ReteFuente</field>
            <field name="codigo_fe_dian">06</field>
        </record>
        <record id="l10n_co.1_l10n_co_tax_21" model="account.tax">
            <field name="nombre_tecnico_dian">ReteFuente</field>
            <field name="codigo_fe_dian">06</field>
        </record>
        <record id="l10n_co.1_l10n_co_tax_22" model="account.tax">
            <field name="nombre_tecnico_dian">ReteFuente</field>
            <field name="codigo_fe_dian">06</field>
        </record>
        <record id="l10n_co.1_l10n_co_tax_23" model="account.tax">
            <field name="nombre_tecnico_dian">ReteFuente</field>
            <field name="codigo_fe_dian">06</field>
        </record>
        <record id="l10n_co.1_l10n_co_tax_24" model="account.tax">
            <field name="nombre_tecnico_dian">ReteFuente</field>
            <field name="codigo_fe_dian">06</field>
        </record>
        <record id="l10n_co.1_l10n_co_tax_25" model="account.tax">
            <field name="nombre_tecnico_dian">ReteFuente</field>
            <field name="codigo_fe_dian">06</field>
        </record>
        <record id="l10n_co.1_l10n_co_tax_26" model="account.tax">
            <field name="nombre_tecnico_dian">ReteFuente</field>
            <field name="codigo_fe_dian">06</field>
        </record>
        <record id="l10n_co.1_l10n_co_tax_27" model="account.tax">
            <field name="nombre_tecnico_dian">ReteFuente</field>
            <field name="codigo_fe_dian">06</field>
        </record>
        <record id="l10n_co.1_l10n_co_tax_28" model="account.tax">
            <field name="nombre_tecnico_dian">ReteFuente</field>
            <field name="codigo_fe_dian">06</field>
        </record>
        <record id="l10n_co.1_l10n_co_tax_29" model="account.tax">
            <field name="nombre_tecnico_dian">ReteFuente</field>
            <field name="codigo_fe_dian">06</field>
        </record>
        <record id="l10n_co.1_l10n_co_tax_30" model="account.tax">
            <field name="nombre_tecnico_dian">ReteFuente</field>
            <field name="codigo_fe_dian">06</field>
        </record>
        <record id="l10n_co.1_l10n_co_tax_31" model="account.tax">
            <field name="nombre_tecnico_dian">ReteFuente</field>
            <field name="codigo_fe_dian">06</field>
        </record>
        <record id="l10n_co.1_l10n_co_tax_32" model="account.tax">
            <field name="nombre_tecnico_dian">ReteFuente</field>
            <field name="codigo_fe_dian">06</field>
        </record>
        <record id="l10n_co.1_l10n_co_tax_33" model="account.tax">
            <field name="nombre_tecnico_dian">ReteFuente</field>
            <field name="codigo_fe_dian">06</field>
        </record>
        <record id="l10n_co.1_l10n_co_tax_34" model="account.tax">
            <field name="nombre_tecnico_dian">ReteFuente</field>
            <field name="codigo_fe_dian">06</field>
        </record>
        <record id="l10n_co.1_l10n_co_tax_35" model="account.tax">
            <field name="nombre_tecnico_dian">ReteFuente</field>
            <field name="codigo_fe_dian">06</field>
        </record>
        <record id="l10n_co.1_l10n_co_tax_36" model="account.tax">
            <field name="nombre_tecnico_dian">ReteFuente</field>
            <field name="codigo_fe_dian">06</field>
        </record>
        <record id="l10n_co.1_l10n_co_tax_37" model="account.tax">
            <field name="nombre_tecnico_dian">ReteFuente</field>
            <field name="codigo_fe_dian">06</field>
        </record>
        <record id="l10n_co.1_l10n_co_tax_38" model="account.tax">
            <field name="nombre_tecnico_dian">ReteFuente</field>
            <field name="codigo_fe_dian">06</field>
        </record>
        <record id="l10n_co.1_l10n_co_tax_39" model="account.tax">
            <field name="nombre_tecnico_dian">ReteFuente</field>
            <field name="codigo_fe_dian">06</field>
        </record>
        <record id="l10n_co.1_l10n_co_tax_40" model="account.tax">
            <field name="nombre_tecnico_dian">ReteFuente</field>
            <field name="codigo_fe_dian">06</field>
        </record>
        <record id="l10n_co.1_l10n_co_tax_41" model="account.tax">
            <field name="nombre_tecnico_dian">ReteFuente</field>
            <field name="codigo_fe_dian">06</field>
        </record>
        <record id="l10n_co.1_l10n_co_tax_42" model="account.tax">
            <field name="nombre_tecnico_dian">ReteFuente</field>
            <field name="codigo_fe_dian">06</field>
        </record>
        <record id="l10n_co.1_l10n_co_tax_43" model="account.tax">
            <field name="nombre_tecnico_dian">ReteICA</field>
            <field name="codigo_fe_dian">07</field>
        </record>
        <record id="l10n_co.1_l10n_co_tax_44" model="account.tax">
            <field name="nombre_tecnico_dian">ReteICA</field>
            <field name="codigo_fe_dian">07</field>
        </record>
        <record id="l10n_co.1_l10n_co_tax_45" model="account.tax">
            <field name="nombre_tecnico_dian">ReteICA</field>
            <field name="codigo_fe_dian">07</field>
        </record>
        <record id="l10n_co.1_l10n_co_tax_46" model="account.tax">
            <field name="nombre_tecnico_dian">ReteICA</field>
            <field name="codigo_fe_dian">07</field>
        </record>
        <record id="l10n_co.1_l10n_co_tax_47" model="account.tax">
            <field name="nombre_tecnico_dian">ReteICA</field>
            <field name="codigo_fe_dian">07</field>
        </record>
        <record id="l10n_co.1_l10n_co_tax_48" model="account.tax">
            <field name="nombre_tecnico_dian">ReteICA</field>
            <field name="codigo_fe_dian">07</field>
        </record>
        <record id="l10n_co.1_l10n_co_tax_49" model="account.tax">
            <field name="nombre_tecnico_dian">IVA</field>
            <field name="codigo_fe_dian">01</field>
        </record>
        <record id="l10n_co.1_l10n_co_tax_50" model="account.tax">
            <field name="nombre_tecnico_dian">IVA</field>
            <field name="codigo_fe_dian">01</field>
        </record>
        <record id="l10n_co.1_l10n_co_tax_51" model="account.tax">
            <field name="nombre_tecnico_dian">IVA</field>
            <field name="codigo_fe_dian">01</field>
        </record>
        <record id="l10n_co.1_l10n_co_tax_52" model="account.tax">
            <field name="nombre_tecnico_dian">IVA</field>
            <field name="codigo_fe_dian">01</field>
        </record>
        <record id="l10n_co.1_l10n_co_tax_53" model="account.tax">
            <field name="nombre_tecnico_dian">ReteFuente</field>
            <field name="codigo_fe_dian">06</field>
        </record>
        <record id="l10n_co.1_l10n_co_tax_54" model="account.tax">
            <field name="nombre_tecnico_dian">ReteFuente</field>
            <field name="codigo_fe_dian">06</field>
        </record>
        <record id="l10n_co.1_l10n_co_tax_55" model="account.tax">
            <field name="nombre_tecnico_dian">ReteIVA</field>
            <field name="codigo_fe_dian">05</field>
        </record>
        <record id="l10n_co.1_l10n_co_tax_56" model="account.tax">
            <field name="nombre_tecnico_dian">ReteIVA</field>
            <field name="codigo_fe_dian">05</field>
        </record>
        <record id="l10n_co.1_l10n_co_tax_57" model="account.tax">
            <field name="nombre_tecnico_dian">ICA</field>
            <field name="codigo_fe_dian">03</field>
        </record>
        <record id="l10n_co.1_l10n_co_tax_58" model="account.tax">
            <field name="nombre_tecnico_dian">ICA</field>
            <field name="codigo_fe_dian">03</field>
        </record>
    </data>
</odoo>