<odoo>
    <data noupdate="1">
        <record id="l10n_co_cei.dian_invoice_sequence" model="ir.sequence">
            <field name="name">XML facturas de venta</field>
            <field name="implementation">standard</field>
            <field name="prefix">%(h24)s</field>
            <field name="padding">8</field>
            <field name="number_increment">1</field>
            <field name="next_number_actual">1</field>
        </record>
        <record id="l10n_co_cei.dian_credit_note_sequence" model="ir.sequence">
            <field name="name">XML notas crédito</field>
            <field name="implementation">standard</field>
            <field name="prefix">%(h24)s</field>
            <field name="padding">8</field>
            <field name="number_increment">1</field>
            <field name="next_number_actual">1</field>
        </record>
        <record id="l10n_co_cei.dian_debit_note_sequence" model="ir.sequence">
            <field name="name">XML notas débito</field>
            <field name="implementation">standard</field>
            <field name="prefix">%(h24)s</field>
            <field name="padding">8</field>
            <field name="number_increment">1</field>
            <field name="next_number_actual">1</field>
        </record>
    </data>
</odoo>