<?xml version="1.0" encoding="UTF-8"?>
<template>

    <t t-name="RecurrentNotification" t-extend="Notification">
        <t t-jquery=".toast-header" t-operation="replace">
            <div class="toast-header">
                <span t-attf-class="fa fa-2x mr-3 fa-bullhorn o_notification_icon"
                      role="img" t-attf-aria-label="Notification"
                      t-attf-title="Notification"/>
                <div class="d-flex align-items-center mr-auto font-weight-bold o_notification_title">
                    <t t-esc="widget.title"/>
                </div>
                <button t-if="widget.sticky" type="button"
                        class="mb-1 close o_notification_close"
                        data-dismiss="toast" aria-label="Close">
                    <span class="d-inline" aria-hidden="true">&amp;times;</span>
                </button>
            </div>
        </t>
        <t t-jquery=".o_notification_content" t-operation="replace">
            <div class="o_notification_content" style="display: grid;">
                <div style="float: left;display: flex;">
                    <div style="width: 70px;">
                        <img src="/advanced_notification/static/images/hand-wash.png" alt="Calling" style="width: 70px"/>
                    </div>
                    <div style="width: 190px; margin-left: 10px;" t-esc="widget.message">
                    </div>
                </div>
                <div class="mt-2" style="display: block;">
                    <button type="button" class="btn btn-primary link2recall oe_highlight oe_form oe_button">
                        <span>OK</span>
                    </button>
                </div>
            </div>
        </t>
    </t>

</template>