<?xml version="1.0" encoding="utf-8"?>
<!-- Copyright 2020 ACSONE SA/NV
     License AGPL-3.0 or later (http://www.gnu.org/licenses/agpl). -->

<odoo>

    <record model="ir.model.access" id="contract_terminate_reason_access_manager">
        <field name="name">contract.terminate.reason access manager</field>
        <field name="model_id" ref="model_contract_terminate_reason"/>
        <field name="group_id" ref="account.group_account_manager"/>
        <field name="perm_read" eval="1"/>
        <field name="perm_create" eval="1"/>
        <field name="perm_write" eval="1"/>
        <field name="perm_unlink" eval="1"/>
    </record>

    <record model="ir.model.access" id="contract_terminate_reason_access_user">
        <field name="name">contract.terminate.reason access user</field>
        <field name="model_id" ref="model_contract_terminate_reason"/>
        <field name="group_id" ref="account.group_account_invoice"/>
        <field name="perm_read" eval="1"/>
        <field name="perm_create" eval="1"/>
        <field name="perm_write" eval="1"/>
        <field name="perm_unlink" eval="1"/>
    </record>

</odoo>
