<?xml version="1.0" encoding="UTF-8"?>
<odoo>
    <data noupdate="1">
        <record id="about_us_page" model="website.menu">
            <field name="name">About Us</field>
            <field name="parent_id" ref="website.main_menu"/>
            <field name="sequence" type="int">33</field>
            <field name="url">/aboutus</field>
            <field name="website_id" ref="website.default_website"/>
        </record>
        <record id="business_homepage_menu_2" model="website.menu">
            <field name="name">Business 1</field>
            <field name="url">/</field>
            <field name="parent_id" ref="website.menu_homepage"/>
            <field name="sequence" type="int">1</field>
        </record>
        <record id="business_homepage_menu_1" model="website.menu">
            <field name="name">Business 2</field>
            <field name="url">/business-homepage-1</field>
            <field name="parent_id" ref="website.menu_homepage"/>
            <field name="sequence" type="int">2</field>
        </record>

        <record id="ecom_homepage_menu_1" model="website.menu">
            <field name="name">Furniture</field>
            <field name="url">/ecommerce-homepage-1</field>
            <field name="parent_id" ref="website.menu_homepage"/>
            <field name="sequence" type="int">4</field>
        </record>
        <record id="ecom_homepage_menu_2" model="website.menu">
            <field name="name">Fashion</field>
            <field name="url">/ecommerce-homepage-2</field>
            <field name="parent_id" ref="website.menu_homepage"/>
            <field name="sequence" type="int">3</field>
        </record>
    </data>
</odoo>