<?xml version="1.0" encoding="UTF-8"?>
<templates id="template" xml:space="preserve">

    <t t-extend="Orderline">
        <t t-jquery="li:first" t-operation="replace">
            <li t-attf-class="orderline #{ line.selected ? 'selected' : '' } #{ line.get_product().isAddon() ? 'addon' : '' }">
                <span class="product-name">
                    <t t-esc="line.get_product().display_name"/>
                    <t t-if="line.get_product().tracking!=='none'">
                        <i class="oe_link_icon fa fa-list oe_icon line-lot-icon oe_green" t-if="line.has_valid_product_lot()"
                           aria-label="Valid product lot" role="img" title="Valid product lot"/>
                        <i class="oe_link_icon fa fa-list oe_icon line-lot-icon oe_red" t-if="!line.has_valid_product_lot()"
                           aria-label="Invalid product lot" role="img" title="Invalid product lot"/>
                    </t>
                </span>

                <span class="qty">
                    <t>
                        <t t-esc="line.get_quantity_str()" />
                    </t>
                </span>

                <span class="price">
                    <t t-esc="widget.format_currency(line.get_display_price())"/>
                </span>
                <ul class="info-list">
                    <t t-if="line.get_discount_str() !== '0'">
                        <li class="info discount-info">
                            With a
                            <em>
                                <t t-esc="line.get_discount_str()" />%
                            </em>
                            discount
                        </li>
                    </t>
                    <!-- <t t-if="line.get_hobby()">
                        <t t-foreach="line.get_hobby()" t-as="hobby">
                            <li class="hobby-info" t-esc="hobby" />
                        </t>
                    </t> -->
                </ul>
            </li>
        </t>
    </t>

    <t t-extend="OrderWidget">
        <t t-jquery=".orderlines" t-operation="prepend">
            <li class="order-widget-title">
                <span class="title-name">
                    Name
                </span>
                <span class="title-qty">
                    Qty
                </span>
                <span class="title-price">
                    Price
                </span>
            </li>
        </t>

        <t t-jquery=".total" t-operation="append">
            <div class="pos-disc-font  pos-disc-total">
                With a <t t-esc="order.get_discount_total()"/>% discount
            </div>
        </t>
    </t>

    <t t-extend="PosTicket">
        <t t-jquery="td:first" t-operation="replace">
            <td t-attf-class="#{ orderline.get_product().isAddon() ? 'addon' : '' }">
                <t t-esc="orderline.get_product().display_name"/>
                <t t-if="order.get_discount_total() == 0">
                     <t t-if="orderline.get_discount() > 0">
                        <div class="pos-disc-font">
                            With a <t t-esc="orderline.get_discount()"/>% discount
                        </div>
                    </t>
                </t>
            </td>
        </t>
        <t t-jquery=".receipt-total" t-operation="append">
            <t t-if="order.get_discount_total() > 0">
                <tr>
                    <td>
                        <div class="pos-disc-font">
                            With a <t t-esc="order.get_discount_total()"/>% discount
                        </div>
                    </td>
                    <td class="pos-right-align">
                    </td>
                </tr>
            </t>
        </t>
    </t>



</templates>
