<template>
<t t-extend="DashboardShare">
	<t t-jquery="div.o_web_settings_dashboard_share" t-operation="replace">
        <div class="text-center o_web_settings_dashboard_share">
            <i class="fa fa-share-alt fa-4x text-muted"/>
            <div class="o_web_settings_dashboard_header">Share the Love</div>
            <div>
                <small class="text-muted text-center o_web_settings_dashboard_compact_subtitle">
                    Help us spread the word: Share Planet Odoo's awesomeness with your friends!

                </small>
            </div>
            <div class="row mt16">
                <!--<div class="col-xs-4"><a><i class="fa fa-twitter-square fa-4x tw_share"/></a></div>-->
                <!--<div class="col-xs-4"><a><i class="fa fa-facebook-square fa-4x fb_share"/></a></div>-->
                <!--<div class="col-xs-4"><a><i class="fa fa-linkedin-square fa-4x li_share"/></a></div>-->
            </div>
            <hr/>
            <t t-set="server_version" t-value="widget.data.server_version"/>
            <t t-set="debug" t-value="widget.data.debug"/>
            <div class="row">
                <div class="col-md-12">
                    <a t-if="debug != true" class="oe_activate_debug_mode pull-right" href="?debug" >Activate the developer mode</a>
                    <br t-if="debug != true"/>
                    <a t-if="debug != 'assets'" class="oe_activate_debug_mode pull-right" href="?debug=assets" >Activate the developer mode (with assets)</a>
                    <br t-if="debug != 'assets'"/>
                    <a t-if="debug != false" class="oe_activate_debug_mode pull-right" href="/web" >Deactivate the developer mode</a>
                </div>
            </div>
        </div>
	</t>
</t>
</template>
