<?xml version="1.0" encoding="UTF-8"?>

<templates xml:space="preserve">

    <t t-name="ShowWarehouseInfo">
        <div>
            <a role="button" tabindex="0" class="js_product_warehouse">
                <b t-raw="show"></b> ... see all warehouses .. <i class="fa fa-list-ul"></i></a>
        </div>
    </t>

    <t t-name="ProductWarehousePopOver">
        <div class="panel clearfix">
            <div class="list-group">
                <t t-foreach="lines" t-as="warehouse">
                    <div t-if="warehouse.available_not_res &gt; 0 or warehouse.available &gt; 0 or warehouse.outgoing &gt; 0 or warehouse.saleable &gt; 0 or warehouse.incoming &gt; 0 or warehouse.virtual &gt; 0" class="list-group-item row">
                        <b class="pull-left text-left" t-att-title="'Warehouse Name: ' + warehouse.warehouse">
                            <t t-raw="warehouse.warehouse_short"> | </t>
                        </b>
                        <div class="pull-right text-right">
                            <span title="This is real(on hand) quantity  minus reserved quantity" class="text-muted"><t t-raw="warehouse.available_not_res_formated"/></span><br/>
                            <span title="Available Now but not necessarily what I can sale"><t t-raw="warehouse.available_formated"/></span><br/>
                            - <span title="Outgoing" class="text-danger"><t t-raw="warehouse.outgoing_formated"/></span><br/>
                            = <span title="I can sale this quantity now and deliver it immediately" class="text-muted"><t t-raw="warehouse.saleable_formated"/></span><br/>
                            + <span title="Is coming in" class="text-success"><t t-raw="warehouse.incoming_formated"/></span><br/>
                            = <span title="This will be available next" class="text-muted"><t t-raw="warehouse.virtual_formated"/></span>
                        </div>
                    </div>
                </t>
            </div>
        </div>
    </t>

    <t t-name="StockAvailabilityAlert">
        <p class="availability_product my-0 mr-2">
            The product is available in: <t t-raw="locations_available"/> locations.
            <a role="button" tabindex="0" class="js_available_info fa fa-bars"></a>
        </p>
    </t>

    <t t-name="StockAvailabilityPopOver">
        <div>
            <table class="table table-striped table-bordered">
                <thead>
                    <tr>
                        <th title="Stock Location">Location</th>
                        <th title="Quantity Available">Stock Quantity</th>
                    </tr>
                </thead>
                <tbody>
                    <t t-foreach="lines" t-as="warehouse">
                        <tr class="table-info">
                            <td>Warehouse: <t t-esc="warehouse.name"/></td>
                            <td>Locations: <t t-esc="warehouse.locations_quantity_formatted"/></td>
                        </tr>
                        <tr t-foreach="warehouse.locations_info" t-as="location">
                            <td t-esc="location.location"/>
                            <td t-esc="location.quantity"/>
                        </tr>
                    </t>
                </tbody>
            </table>
        </div>
    </t>

</templates>
