<?xml version="1.0" encoding="UTF-8"?>
<templates id="template" extend_id="point_of_sale.template">

    <t t-extend="ProductScreenWidget">
        <t t-jquery=".product-screen" t-operation="replace">
            <div class="product-screen screen">
                <div class="leftpane">
                    <div class='window'>
                        <div class='subwindow'>
                            <div class='subwindow-container'>
                                <div class='subwindow-container-fix'>
                                    <div class="placeholder-OrderWidget"></div>
                                </div>
                            </div>
                        </div>
                    </div>
                </div>
                <div class="middlepane">
                    <div class="window">
                        <div class='subwindow collapsed'>
                            <div class='subwindow-container'>
                                <div class='subwindow-container-fix pads'>
                                    <div class="control-buttons oe_hidden"></div>
                                    <div class="placeholder-ActionpadWidget"></div>
                                    <div class="placeholder-NumpadWidget"></div>
                                </div>
                            </div>
                        </div>
                    </div>
                </div>
                <div class="rightpane">
                    <table class="layout-table">

                        <tr class="header-row">
                            <td class="header-cell" colspan="2">
                                <span class="placeholder-ProductCategoriesWidget" />
                            </td>
                        </tr>

                        <tr class="content-row">
                            <td class="content-cell">
                                <div class="content-container">
                                    <span class="placeholder-ProductListWidget" />
                                </div>
                            </td>
                        </tr>

                    </table>
                </div>
            </div>
        </t>
    </t>

    <t t-extend="ProductCategoriesWidget">
        <t t-jquery="div" t-operation="replace">
            <header class='rightpane-header'>
                <div class="searchbox">
                    <input type="test" class="search-input" placeholder="Search Products" autofocus="true" accesskey="s"/>
                    <span class="search-clear"/>
                </div>
            </header>
        </t>
    </t>

    <!-- for keyboard shortcut help button and details -->
    <t t-extend="NumpadWidget">
		<t t-jquery=".numpad" t-operation="after">
			<span class="control-button" id="shortcut_tips_btn" style="width: 384px;margin-right: 5px;margin-top: -8px;">
				<i class='fa fa-info-circle' style="font-size:24px;"/> Shortcut Tips (F2)
			</span>
		</t>
	</t>

    <t t-name="ShortcutTipsWidget">
        <div role="dialog" class="modal-dialog modal-dialog-shortcut-tips">
            <div class="popup popup-shortcut-tips" style="width:40%;height: 70%;">
                <header class="title">Shortcut Tips</header>
                <div class="body" style="height:75%;overflow-y:scroll;">
                    <h3>Important Instruction (must read):</h3>
                    <div style="width:100%;text-align:left;">
                        <ul>
                            <li style="font-size:16px;color:red;">Cursor will be default focused on product search panel when POS Home Screen (Product Screen) will be opened. In this time keyboard shortcut keys won't work except <b>"Tab"</b> and <b>"F2"</b> shortcut buttons. Now, search product and press <b>"Tab"</b> button to switch focus on product selection. Then all keyboard shortcut keys will work.</li>
                            <li style="font-size:16px;color:red;">Press <b>"F2"</b> button to get shortcut help.</li>
                        </ul>
                    </div>
                    <h3>Product/Home Screen</h3>
                    <table class="shortcut-tips-table">
                        <tr width="50%">
                            <th>Shortcut Key</th><th>Action Description</th>
                        </tr>
                        <tr><td width="25%">F2</td><td width="75%">Sortcut Tips</td></tr>
                        <tr><td>S</td><td>Product search</td></tr>
                        <tr><td>Tab</td><td>Switch focus product search panel to individual product and one to another product</td></tr>
                        <tr><td>Q</td><td>Numeric pad "Qty" button select to change product line quantity</td></tr>
                        <tr><td>D</td><td>Numeric pad "Disc" button select to change product line discount</td></tr>
                        <tr><td>P</td><td>Numeric pad "Price" button select to change product line price</td></tr>
                        <tr><td>Backspace</td><td>Delete last number for "Qty", "Disc" and "Price"</td></tr>
                        <tr><td>0-9 (Numpad)</td><td>Change number for "Qty", "Disc" and "Price"</td></tr>
                        <tr><td>. (Numpad)</td><td>Point for numbers</td></tr>
                        <tr><td>- (Numpad)</td><td>Switch number to negetive or positive</td></tr>
                        <tr><td>C</td><td>Open customer screen</td></tr>
                        <tr><td>Spacebar</td><td>Open payment screen</td></tr>
                        <tr><td>Delete</td><td>Delete selected order line from cart</td></tr>
                        <tr><td>Arrow Up</td><td>Change selection of cart order line to up direction</td></tr>
                        <tr><td>Arrow Down</td><td>Change selection of cart order line to down direction</td></tr>
                    </table>

                    <h3 style="margin-top:40px;">Customer Screen</h3>
                    <table class="shortcut-tips-table">
                        <tr width="50%">
                            <th>Shortcut Key</th><th>Action Description</th>
                        </tr>
                        <tr><td width="25%">Esc</td><td width="75%">Back to previous screen</td></tr>
                        <tr><td>S</td><td>Customer search</td></tr>
                        <tr><td>Arrow Up</td><td>Change selection of customer to up direction</td></tr>
                        <tr><td>Arrow Down</td><td>Change selection of customer to down direction</td></tr>
                        <tr><td>Enter</td><td>Set selected customer</td></tr>
                        <tr><td>+ (Numpad)</td><td>Open new customer add form</td></tr>
                    </table>

                    <h3 style="margin-top:40px;">Payment Screen</h3>
                    <table class="shortcut-tips-table">
                        <tr width="50%">
                            <th>Shortcut Key</th><th>Action Description</th>
                        </tr>
                        <tr><td width="25%">Esc</td><td width="75%">Back to previous screen</td></tr>
                        <tr><td>C</td><td>Open customer screen</td></tr>
                        <tr><td>I</td><td>Select invoice to print invoice on receipt screen</td></tr>
                        <tr><td>Page Up</td><td>Change payment method selection to up direction</td></tr>
                        <tr><td>Page Down</td><td>Change payment method selection to down direction</td></tr>
                        <tr><td>Spacebar</td><td>Choose selected payment method</td></tr>
                        <tr><td>Arrow Up</td><td>Change payment line selection to up direction</td></tr>
                        <tr><td>Arrow Down</td><td>Change payment line selection to down direction</td></tr>
                        <tr><td>Delete</td><td>Delete selected payment line</td></tr>
                    </table>

                    <h3 style="margin-top:40px;">Receipt Screen</h3>
                    <table class="shortcut-tips-table">
                        <tr width="50%">
                            <th>Shortcut Key</th><th>Action Description</th>
                        </tr>
                        <tr><td width="25%">I</td><td width="75%">Print customer invoice receipt</td></tr>
                        <tr><td>R</td><td>Print POS receipt</td></tr>
                        <tr><td>Enter</td><td>Back to Home/POS screen</td></tr>
                    </table>

                    <h3 style="margin-top:40px;">Shortcut Tips Modal</h3>
                    <table class="shortcut-tips-table">
                        <tr width="50%">
                            <th>Shortcut Key</th><th>Action Description</th>
                        </tr>
                        <tr><td width="25%">Esc</td><td width="75%">Close popup modal</td></tr>
                    </table>
                </div>
                <footer class="footer">
                    <div class="button cancel">
                        Cancel
                    </div>
                </footer>
            </div>
       </div>
    </t>
</templates>
