<?xml version="1.0" encoding="UTF-8"?>
<templates id="template" xml:space="preserve">
	<t t-name="CambiaTurno">
		<div role="dialog" class="modal-dialog">
			<div class="popup popup-barcode" style="height:200px;width:30%;background-color:#e6b4ed;">
				<header class="title">
					Ingrese su password
				</header>
				<main class="body">
					<input class="red_jhons" type="password" id="password"/>
				</main>
				<footer class="footer" style="width:100%; display:flex;flex-direction:row;justify-content:center">
					<div class="button confirm">
						Iniciar Sesión
					</div>
				</footer>
			</div>
		</div>
	</t>
</templates>
