<?xml version="1.0" encoding="UTF-8"?>
<templates id="template" xml:space="preserve">
    <!-- asdas -->
	<t t-extend="PosTicket">
		<t t-jquery=".pos-ticket-header" t-operation="after">
               <!-- aca el codigo nuevo -->
                HAB: <t t-esc="widget.pos.table.name"/>  <br />
                Alojamiento por Horas <br />
                -Tiempo <t t-esc="widget.pos.get_order().orderlines.models[0].usage_time"/>   <br />
                -Hora Inicial <t t-esc="widget.pos.get_order().orderlines.models[0].start"/>   <br />
                -Hora Final <t t-esc="widget.pos.get_order().orderlines.models[0].stop"/>  <br />
		</t>
	</t>    
    <t t-extend="ProductScreenWidget">
        <t t-jquery="div[class='control-buttons oe_hidden']" t-operation="append">
            <div class='control-button close'>
                Cerrar Turno
            </div>
        </t>
    </t>

    <t t-extend="ProductScreenWidget">
        <t t-jquery="div[class='control-button close']" t-operation="after">
            <div class='control-button swap'>
                Cambiar Sesión
            </div>
        </t>
    </t>

    <t t-extend="ProductScreenWidget">
        <t t-jquery="div[class='control-button swap']" t-operation="after">
            <div class='control-button stop'>
                DETENER FACTURACION
            </div>
        </t>
    </t>

    <t t-extend="ProductScreenWidget">
        <t t-jquery="div[class='control-button stop']" t-operation="after">
            <div class='control-button trash'>
                <i class='fa fa-trash-o' />
            </div>
        </t>
    </t>

    <t t-extend="TableGuestsButton">
        <t t-jquery="div[class='control-button']" t-operation="replace"/>
    </t>

    <t t-extend="ActionpadWidget">
        <t t-jquery="div[class='actionpad']" t-operation="replace">
            <div class="actionpad">
                <button t-attf-class='button set-customer #{ ( widget.pos.get_client() and widget.pos.get_client().name.length > 10) ? "decentered" : "" }' >
                    <i class='fa fa-user' role="img" aria-label="Customer" title="Customer"/>
                    Consumidor Final
                </button>
                <button class='button pay'>
                    <div class='pay-circle'>
                        <i class='fa fa-chevron-right' role="img" aria-label="Pay" title="Pay"/>
                    </div>
                Payment
                </button>
            </div>
        </t>
    </t>
</templates>