<?xml version="1.0" encoding="UTF-8"?>
<templates id="template" xml:space="preserve">
    <!-- asdas -->
    <t t-extend="ProductScreenWidget">
        <t t-jquery="div[class='control-buttons oe_hidden']" t-operation="append">
            <div class='control-button return'>
                <i class='fa fa-rotate-left' />
                Return
            </div>
        </t>
    </t>

    <t t-extend="ProductScreenWidget">
        <t t-jquery="div[class='control-button return']" t-operation="after">
            <div class='control-button swap'>
                Cambiar Sesión
            </div>
        </t>
    </t>

    <t t-extend="ProductScreenWidget">
        <t t-jquery="div[class='control-button swap']" t-operation="after">
            <div class='control-button stop'>
                DETENER FACTURACION
            </div>
        </t>
    </t>

    <t t-extend="ProductScreenWidget">
        <t t-jquery="div[class='control-button stop']" t-operation="after">
            <div class='control-button trash'>
                <i class='fa fa-trash-o' />
            </div>
        </t>
    </t>

    <t t-extend="TableGuestsButton">
        <t t-jquery="div[class='control-button']" t-operation="replace"/>
    </t>

    <t t-extend="ActionpadWidget">
        <t t-jquery="div[class='actionpad']" t-operation="replace">
            <div class="actionpad">
                <button t-attf-class='button set-customer #{ ( widget.pos.get_client() and widget.pos.get_client().name.length > 10) ? "decentered" : "" }' >
                    <i class='fa fa-user' role="img" aria-label="Customer" title="Customer"/>
                    Consumidor Final
                </button>
                <button class='button pay'>
                    <div class='pay-circle'>
                        <i class='fa fa-chevron-right' role="img" aria-label="Pay" title="Pay"/>
                    </div>
                Payment
                </button>
            </div>
        </t>
    </t>
<!-- 
    <t t-extend="PrintBillButton">
        <t t-jquery="span[class='control-button order-printbill']" t-operation="replace">
            <span t-attf-class="control-button order-printbill #{ widget.pos.get_client() ? 'disabled' : '' }">
             t-attf-class='button set-customer #{ ( widget.pos.get_client() and widget.pos.get_client().name.length > 10) ? "decentered" : "" }'
            <i class="fa fa-print"></i>
            Imprimir2
        </span>
        </t>
    </t> -->

</templates>