<?xml version="1.0" encoding="utf-8"?>
<odoo>
    <data>
        <record id="paperformat_z_report" model="report.paperformat">
            <field name="name">Informe Z</field>
            <field name="default" eval="True" />
            <field name="format">custom</field>
            <field name="page_height">297</field>
            <field name="page_width">80</field>
            <field name="orientation">Portrait</field>
            <field name="margin_top">1</field>
            <field name="margin_bottom">1</field>
            <field name="margin_left">1</field>
            <field name="margin_right">1</field>
            <field name="header_line" eval="False" />
            <field name="header_spacing">0</field>
            <field name="dpi">90</field>
            <field name="report_ids" eval="[(6, 0, [ref('edocs_print_format.report_pos_sales_pdf'),])]"/>
        </record>
        <report paperformat="pos_hotel.paperformat_z_report" id="report_pos_products_pdf" string="Informe Z-PDF Productos" model="pos.session" report_type="qweb-pdf" file="pos_hotel.products_report_pdf_template" name="pos_hotel.products_report_pdf_template" menu="True" />
        <report paperformat="pos_hotel.paperformat_z_report" id="report_pos_inventario_pdf" string="Informe Z-PDF Inventarios" model="pos.session" report_type="qweb-pdf" file="pos_hotel.inventario_report_pdf_template" name="pos_hotel.inventario_report_pdf_template" menu="True" />
        <report paperformat="pos_hotel.paperformat_z_report" id="report_pos_movimientos_pdf" string="Informe Z-PDF movimientos" model="pos.session" report_type="qweb-pdf" file="pos_hotel.movimientos_report_pdf_template" name="pos_hotel.movimientos_report_pdf_template" menu="True" />

    </data>
</odoo>
	