<?xml version="1.0" encoding="utf-8"?>
<odoo>
	<template id="pos_z_report_inventario_pdf">
		<t t-call="web.external_layout">
            	<div class="page">
					<div class="company-details pos-header-t" style="margin-left:15px; vertical-align:top;padding-top:15px; text-align:center;">
						<b class="participant_name">
							<h2>
								CIERRE ZETA DEFINITIVO
							</h2>
						</b>
						<b class="participant_name">
							<h3>
								<t t-esc="o.get_company().name" />
							</h3>
						</b>
						<b class="participant_name">
							<h3>
								RECEPCIÓN
							</h3>
						</b>
						<div class="receipt-row">
							Cajero:
							<t t-esc="o.get_cashier()['name']" />
							<br />
						</div>
						<div class="company-details-padded">
							<div class="receipt-vat">
								INICIO:
								<t t-esc="o.start_at" />
								<br />
							</div>
							<div class="receipt-phone">
								FINAL:
								<t t-esc="o.stop_at" />
								<br />
							</div>
						</div>
						<hr />
					<table class="receipt-orderlines">
						<colgroup>
							<col width="10%" />
							<col width="30%" />
							<col width="11%" />
							<col width="25%" />
							<col width="29%" />
						</colgroup>
						<tr class="pos-table-header">
							<th>
								COD
							</th>
							<th style="text-align:center;">
								PRODUCTO
							</th>
							<th>
								$VAL
							</th>
							<th>
								BODEG
							</th>							
						</tr>
<!-- 						<tr t-foreach="o.order_ids" t-as="doc">
							<td>
								<span t-esc="doc.name" />
							</td>
							<td>
								<span t-esc="doc.name" />
							</td>
							<td>
								<span t-esc="doc.amount_paid" />
							</td>
						</tr> -->
					</table>						
                    </div>
                </div>
		</t>
	</template>
    <template id="inventario_report_pdf_template">
		<t t-call="web.html_container">
			<div class="header">
			</div>
			<t t-foreach="docs" t-as="o">
				<t t-call="pos_hotel.pos_z_report_inventario_pdf" />
			</t>
			<div class="footer">
			</div>
		</t>
	</template>
    </odoo>