<?xml version="1.0" encoding="utf-8"?>
<odoo>
	<data>
		<template id="pos_z_report_pdf_custom" inherit_id="edocs_print_format.pos_z_report_pdf">
			<xpath expr="//div[@class='page']" position="replace">
				<div class="page">
					<div class="company-details pos-header-t" style="margin-left:15px; vertical-align:top;padding-top:15px; text-align:center;">
						<b class="participant_name">
							<h2>
								CIERRE ZETA DEFINITIVO
							</h2>
						</b>
						<b class="participant_name">
							<h3>
								<t t-esc="o.get_company().name" />
							</h3>
						</b>
						<b class="participant_name">
							<h3>
								RECEPCIÓN
							</h3>
						</b>
						<div class="receipt-row">
							Cajero:
							<t t-esc="o.get_cashier()['name']" />
							<br />
						</div>
						<div class="company-details-padded">
							<div class="receipt-vat">
								INICIO:
								<t t-esc="o.start_at" />
								<br />
							</div>
							<div class="receipt-phone">
								FINAL:
								<t t-esc="o.stop_at" />
								<br />
							</div>
						</div>
						<hr />
						<div class="company-details-padded">
							<div class="receipt-vat">
								FACTURACIÓN:
								<!--
								<t t-esc="" />
								-->
								<br />
								<t t-set="counter" t-value="0" />
								<t t-foreach="o.order_ids" t-as="doc">
									<t t-set="counter" t-value="counter + 1" />
								</t>
								<t t-esc="counter" />
							</div>
							<t t-esc="o.get_invoices()['first'].name" />
							<t t-esc="o.get_invoices()['last'].name" />
							<!-- RANGO DE FACTURAS -->
						</div>
						<div class="company-details-padded">
							<div class="receipt-vat" style="text-align: left">
								HOSPEDAJE:
								<!--
								<t t-esc="" />
								-->
								<br />
							</div>
							<div class="receipt-phone" style="text-align: left">
								CONSUMO:
								<!--
								<t t-esc="" />
								-->
								<br />
							</div>
						</div>
						<hr />
						<div class="pos-ticket-body">
							<t t-set="total" t-value="0" />
							<t t-foreach="o.get_payments_by_method()" t-as="payment">
								<div class="receipt-row" style="display:table;">
									<div clas="lef" style="display:table-cell;">
										<t t-esc="payment.get('name')" />
									</div>
									<div clas="rig" style="display:table-cell; text-align:right;">
										<span t-esc="payment.get('sum')" t-options="{'widget': 'monetary', 'display_currency': o.currency_id}" />
									</div>
								</div>
								<t t-set="total" t-value="total + payment.get('sum')" />
							</t>
						</div>
						<div class="pos-ticket-body">
							<div class="receipt-row" style="margin-top:15px;">
								<div clas="lef" style="display:table-cell;">
									<b>
										GRAN TOTAL
									</b>
								</div>
								<div clas="rig" style="display:table-cell; text-align:right;">
									<span t-esc="total" t-options="{'widget': 'monetary', 'display_currency': o.currency_id}" />
								</div>
							</div>
						</div>
						<table class="receipt-orderlines">
							<colgroup>
								<col width="10%" />
								<col width="30%" />
								<col width="11%" />
								<col width="25%" />
								<col width="29%" />
							</colgroup>
							<tr class="pos-table-header">
								<th>
									#FA
								</th>
								<th style="text-align:center;">
									HA
								</th>
								<th>
									TOTAL
								</th>
								<th style="text-align:center;">
									INICIO
								</th>
								<th style="text-align:right;">
									FIN
								</th>
								<th style="text-align:right;">
									HH:MM
								</th>
							</tr>
							<t t-esc="widget.session_line_ids" /> 
							<tr t-foreach="session" t-as="doc">
								<td>
									<span t-esc="doc.session_real" />
								</td>
								<td>
									<span t-esc="doc.name" />
								</td>
								<td>
									<span t-esc="doc.total_vendido" />
								</td>
								<td>
									<span t-esc="doc.time_inicio" />
								</td>
								<td>
									<span t-esc="doc.time_cierre" />
								</td>
								<td>
									<span t-esc="doc.name" />
								</td>
							</tr>
						</table>
					</div>
				</div>
			</xpath>
		</template>
	</data>
</odoo>
