<?xml version="1.0" encoding="utf-8"?>
<odoo>
	<template id="pos_z_report_movimientos_pdf">
		<t t-call="web.external_layout">
			<div class="page">
				<div class="company-details pos-header-t" style="margin-left:15px; vertical-align:top;padding-top:15px; text-align:center;">
					<b class="participant_name">
						<h2>
							CIERRE ZETA DEFINITIVO
						</h2>
					</b>
					<b class="participant_name">
						<h3>
							<t t-esc="o.get_company().name" />
						</h3>
					</b>
					<b class="participant_name">
						<h3>
							RECEPCIÓN
						</h3>
					</b>
					<div class="receipt-row">
						Cajero:
						<t t-esc="o.get_cashier()['name']" />
						<br />
					</div>
					<div class="company-details-padded">
						<div class="receipt-vat">
							INICIO:
							<t t-esc="o.start_at" />
							<br />
						</div>
						<div class="receipt-phone">
							FINAL:
							<t t-esc="o.stop_at" />
							<br />
						</div>
					</div>
					<hr />
					<div class="company-details-padded">
						<div class="receipt-vat">
							FACTURACIÓN:
							<!--
							<t t-esc="" />
							-->
							<br />
							<t t-set="counter" t-value="0" />
							<t t-foreach="o.order_ids" t-as="doc">
								<t t-set="counter" t-value="counter + 1" />
							</t>
							<t t-esc="counter" />
						</div>
						<t t-esc="o.get_invoices()['first'].name" />
						<t t-esc="o.get_invoices()['last'].name" />
						<!-- RANGO DE FACTURAS -->
					</div>
				</div>
				<hr />
				<div class="company-details-padded">
					<div class="receipt-vat">
						FACT HABITACIÓN:
				<!-- 		<t t-esc="o.start_at" /> -->
						<br />
					</div>
					<div class="receipt-phone">
						FACT SOLO CONSUMO:
					<!-- 	<t t-esc="o.stop_at" /> -->
						<br />
					</div>
					<div class="receipt-phone">
						FACT ANULADAS:
					<!-- 	<t t-esc="o.stop_at" /> -->
						<br />
					</div>
					<div class="receipt-phone">
						FACT CORTESIA HAB:
					<!-- 	<t t-esc="o.stop_at" /> -->
						<br />
					</div>
					<div class="receipt-phone">
						FACT SANCIÓN:
					<!-- 	<t t-esc="o.stop_at" /> -->
						<br />
					</div>
				</div>
				<hr />
				<b class="participant_name">
					<h3 style="text-align: center">
						MOVIMIENTO DE CAJA
					</h3>
				</b>
			</div>
		</t>
	</template>
	<template id="movimientos_report_pdf_template">
		<t t-call="web.html_container">
			<div class="header">
			</div>
			<t t-foreach="docs" t-as="o">
				<t t-call="pos_hotel.pos_z_report_movimientos_pdf" />
			</t>
			<div class="footer">
			</div>
		</t>
	</template>
</odoo>
