<?xml version="1.0" encoding="utf-8"?>
<odoo>
	<template id="pos_z_report_product_pdf">
		<t t-call="web.external_layout">
			<div class="page">
				<div class="company-details pos-header-t" style="margin-left:15px; vertical-align:top;padding-top:15px; text-align:center;">
					<b class="participant_name">
						<h2>
							CIERRE ZETA DEFINITIVO
						</h2>
					</b>
					<b class="participant_name">
						<h3>
							PRODUCTOS VENDIDOS:
						</h3>
					</b>
					<!-- <t t-esc='receipt.date.localestring' /> -->
					<b class="participant_name">
						<h3>
							<t t-esc="o.get_company().name" />
						</h3>
					</b>
					<b class="participant_name">
						<h3>
							RECEPCIÓN
						</h3>
					</b>
					<div class="receipt-row">
						Cajero:
						<t t-esc="o.get_cashier()['name']" />
						<br />
					</div>
					<div class="company-details-padded">
						<div class="receipt-vat">
							INICIO:
							<t t-esc="o.start_at" />
							<br />
						</div>
						<div class="receipt-phone">
							FINAL:
							<t t-esc="o.stop_at" />
							<br />
						</div>
					</div>
					<hr />
					<div class="company-details-padded">
						<div class="receipt-vat">
							FACTURACIÓN:
							<!--
							<t t-esc="" />
							-->
							<br />
							<t t-set="counter" t-value="0" />
							<t t-foreach="o.order_ids" t-as="doc">
								<t t-set="counter" t-value="counter + 1" />
							</t>
							<t t-esc="counter" />
						</div>
						<t t-esc="o.get_invoices()['first'].name" />
						<t t-esc="o.get_invoices()['last'].name" />
						<!-- RANGO DE FACTURAS -->
					</div>
					<hr />
					<table class="receipt-orderlines">
						<colgroup>
							<col width="10%" />
							<col width="30%" />
							<col width="11%" />
							<col width="25%" />
							<col width="29%" />
						</colgroup>
						<tr class="pos-table-header">
							<th>
								PRODUCTO
							</th>
							<th style="text-align:center;">
								CANTIDAD
							</th>
							<th>
								BODEGA
							</th>
						</tr>
<!-- 						<tr t-foreach="o.order_ids" t-as="doc">
							<td>
								<span t-esc="doc.name" />
							</td>
							<td>
								<span t-esc="doc.name" />
							</td>
							<td>
								<span t-esc="doc.amount_paid" />
							</td>
						</tr> -->
					</table>
				</div>
				<b class="participant_name">
					<h3>
						FIN PRODUCTOS VENDIDOS
					</h3>
				</b>
			</div>
		</t>
	</template>
	<template id="products_report_pdf_template">
		<t t-call="web.html_container">
			<div class="header">
			</div>
			<t t-foreach="docs" t-as="o">
				<t t-call="pos_hotel.pos_z_report_product_pdf" />
			</t>
			<div class="footer">
			</div>
		</t>
	</template>
</odoo>
