<?xml version="1.0" encoding="UTF-8"?>
<template id="template" xml:space="preserve">

    <t t-name="WaiterSelectionButton">
        <div class='control-button in_note'>
            <i class="fa fa-user-plus">Add Waiter</i>
        </div>
    </t>

    <t t-name="WaiterPopupWidget">
        <div class="modal-dialog">
            <div class="popup popup-note">
                <p class="title"><t t-esc=" widget.options.title || 'Select Waiter' " /></p>
                 <select id="employee_select" style="width:461px;" class="employee_select">
                    <option id="" value="select"></option>
                </select>
                <div class="footer">
                    <button class="button confirm">
                        Select
                    </button>
                    <button class="button cancel">
                        Close
                    </button>
                </div>
            </div>
        </div>
    </t>
     <t t-extend="PosTicket">
        <t t-jquery='.receipt-change' t-operation='after'>
              <tr>
                  <td class="pos-left-align">
                      Waiter:
                  </td>
                  <td class="pos-right-align">
                      <t t-esc='order.order_waiter'/>
                  </td>
              </tr>
        </t>
    </t>
</template>
