<?xml version="1.0" encoding="utf-8"?>
<odoo>
    <record id="ir_cron_contact_deduplicate_update_contact_fields" model="ir.cron">
        <field name="name">Contact: Update model fields</field>
        <field name="model_id" ref="model_res_partner_fields"/>
        <field name="state">code</field>
        <field name="code">model._update_res_partner_fields()</field>
        <field name="user_id" ref="base.user_root" />
        <field name="interval_number">1</field>
        <field name="interval_type">days</field>
        <field name="numbercall">-1</field>
    </record>
</odoo>
