<?xml version='1.0' encoding='UTF-8' standalone='yes'?>
<odoo>
  <data noupdate="1">
    <record id="report_excel_12" model="report.excel">
      <field name="out_file_name">Report_POS_products_by_date_%d-%m-%Y</field>
      <field name="name">POS Product Sales by Date</field>
      <field name="sheet_reference">Sheet1</field>
      <field name="description">POS Product Sales by Date</field>
      <field name="description_report">Products Sales Group by Date

Report Parameters: Start Date, End Date, Partners
Header Fields: Start Date, End Date, Print Date, The User who printed the report.
Document Body: 
    Fields: Date, Order Ref, Order Date,  Customer, Product, Quantity, Unit Price, Subtotal
    Group By: Date
    Aggregate: Sum Quantity, Sum Subtotal
    Sort: Ascending Product, Ascending Order Ref
Report footer fields: Total Quantity, Total Subtotal,

Menu Full Path: Point of Sale/Reporting/Product Sales by Date (XLSX)
</field>
      <field name="root_model_id" model="report.excel" eval="obj().env['ir.model'].search([('model', '=', 'pos.order.line')], limit=1).id"/>
    </record>
    <record id="report_excel_template_attachment_823" model="ir.attachment">
      <field name="name">pos_sales_products_group_by_date-template_basic.xlsx</field>
      <field name="datas_fname">pos_sales_products_group_by_date-template_basic.xlsx</field>
      <field name="type">binary</field>
      <field name="datas" type="base64" file="report_excel_pos_product_by_date/static/template/pos_sales_products_group_by_date-template_basic.xlsx"/>
      <field name="res_id" ref="report_excel_12"/>
      <field name="res_model">report.excel</field>
    </record>
    <record id="report_excel_template_attachment_822" model="ir.attachment">
      <field name="name">pos_sales_products_group_by_date-template_example.xlsx</field>
      <field name="datas_fname">pos_sales_products_group_by_date-template_example.xlsx</field>
      <field name="type">binary</field>
      <field name="datas" type="base64" file="report_excel_pos_product_by_date/static/template/pos_sales_products_group_by_date-template_example.xlsx"/>
      <field name="res_id" ref="report_excel_12"/>
      <field name="res_model">report.excel</field>
    </record>
    <record id="report_excel_param_20" model="report.excel.param">
      <field name="sequence" eval="0"/>
      <field name="report_excel_id" ref="report_excel_12"/>
      <field name="name">START DATE</field>
      <field name="code">P1_start_date</field>
      <field name="type_param">datetime</field>
      <field name="param_ir_model_id" eval="[]"/>
      <field name="param_required" eval="False"/>
    </record>
    <record id="report_excel_param_21" model="report.excel.param">
      <field name="sequence">1</field>
      <field name="report_excel_id" ref="report_excel_12"/>
      <field name="name">END DATE</field>
      <field name="code">P2_end_date</field>
      <field name="type_param">datetime</field>
      <field name="param_ir_model_id" eval="[]"/>
      <field name="param_required" eval="False"/>
    </record>
    <record id="report_excel_param_22" model="report.excel.param">
      <field name="sequence">2</field>
      <field name="report_excel_id" ref="report_excel_12"/>
      <field name="name">PARTNERS</field>
      <field name="code">P3_partners_m2m</field>
      <field name="type_param">many2many</field>
      <field name="param_ir_model_id" ref="account.model_res_partner"/>
      <field name="param_required" eval="False"/>
    </record>
    <record id="report_excel_section_16" model="report.excel.section">
      <field name="report_excel_id" ref="report_excel_12"/>
      <field name="root_model_id" model="report.excel.section" eval="obj().env['ir.model'].search([('model', '=', 'pos.order.line')], limit=1).id"/>
      <field name="sequence">10</field>
      <field name="name">SECTION 0 - Header</field>
      <field name="parent_id" eval="[]"/>
      <field name="type_data">data_line</field>
      <field name="level" eval="0"/>
      <field name="root_model_related_field_id" eval="[]"/>
      <field name="root_model_name">pos.order.line</field>
      <field name="check_root_model">True</field>
      <field name="section" eval="False"/>
      <field name="section_level">1</field>
      <field name="section_start">G2</field>
      <field name="section_end">H6</field>
      <field name="domain">[["id","&lt;",100]]</field>
      <field name="description" eval="False"/>
    </record>
    <record id="report_excel_fields_100" model="report.excel.fields">
      <field name="sequence">100</field>
      <field name="cell">H6</field>
      <field name="report_excel_section_id" ref="report_excel_section_16"/>
      <field name="group_by">True</field>
      <field name="aggregate" eval="False"/>
      <field name="aggregate_id" eval="[]"/>
      <field name="having_operator" eval="False"/>
      <field name="having_selection">value</field>
      <field name="having_param_id" eval="[]"/>
      <field name="having_value_type">float</field>
      <field name="having_value_float" eval="0.0"/>
      <field name="having_value_date" eval="False"/>
      <field name="having_value_datetime" eval="False"/>
      <field name="sort_by" eval="False"/>
      <field name="formula">True</field>
      <field name="formulas">result = user.name</field>
      <field name="check_root_model">True</field>
      <field name="root_model_id" model="report.excel.fields" eval="obj().env['ir.model'].search([('model', '=', 'pos.order.line')], limit=1).id"/>
      <field name="root_model_name">pos.order.line</field>
      <field name="model_field_selector">id</field>
      <field name="field_type">integer</field>
      <field name="description" eval="False"/>
    </record>
    <record id="report_excel_fields_102" model="report.excel.fields">
      <field name="sequence">100</field>
      <field name="cell">H4</field>
      <field name="report_excel_section_id" ref="report_excel_section_16"/>
      <field name="group_by" eval="False"/>
      <field name="aggregate">max</field>
      <field name="aggregate_id" ref="report_excel.aggregate_max"/>
      <field name="having_operator" eval="False"/>
      <field name="having_selection">value</field>
      <field name="having_param_id" eval="[]"/>
      <field name="having_value_type">float</field>
      <field name="having_value_float" eval="0.0"/>
      <field name="having_value_date" eval="False"/>
      <field name="having_value_datetime" eval="False"/>
      <field name="sort_by" eval="False"/>
      <field name="formula">True</field>
      <field name="formulas">result = param(P2_end_date)</field>
      <field name="check_root_model">True</field>
      <field name="root_model_id" model="report.excel.fields" eval="obj().env['ir.model'].search([('model', '=', 'pos.order.line')], limit=1).id"/>
      <field name="root_model_name">pos.order.line</field>
      <field name="model_field_selector">id</field>
      <field name="field_type">integer</field>
      <field name="description" eval="False"/>
    </record>
    <record id="report_excel_fields_103" model="report.excel.fields">
      <field name="sequence">100</field>
      <field name="cell">H3</field>
      <field name="report_excel_section_id" ref="report_excel_section_16"/>
      <field name="group_by" eval="False"/>
      <field name="aggregate">max</field>
      <field name="aggregate_id" ref="report_excel.aggregate_max"/>
      <field name="having_operator" eval="False"/>
      <field name="having_selection">value</field>
      <field name="having_param_id" eval="[]"/>
      <field name="having_value_type">float</field>
      <field name="having_value_float" eval="0.0"/>
      <field name="having_value_date" eval="False"/>
      <field name="having_value_datetime" eval="False"/>
      <field name="sort_by" eval="False"/>
      <field name="formula">True</field>
      <field name="formulas">result = param(P1_start_date)</field>
      <field name="check_root_model">True</field>
      <field name="root_model_id" model="report.excel.fields" eval="obj().env['ir.model'].search([('model', '=', 'pos.order.line')], limit=1).id"/>
      <field name="root_model_name">pos.order.line</field>
      <field name="model_field_selector">id</field>
      <field name="field_type">integer</field>
      <field name="description" eval="False"/>
    </record>
    <record id="report_excel_fields_101" model="report.excel.fields">
      <field name="sequence">100</field>
      <field name="cell">H5</field>
      <field name="report_excel_section_id" ref="report_excel_section_16"/>
      <field name="group_by" eval="False"/>
      <field name="aggregate">max</field>
      <field name="aggregate_id" ref="report_excel.aggregate_max"/>
      <field name="having_operator" eval="False"/>
      <field name="having_selection">value</field>
      <field name="having_param_id" eval="[]"/>
      <field name="having_value_type">float</field>
      <field name="having_value_float" eval="0.0"/>
      <field name="having_value_date" eval="False"/>
      <field name="having_value_datetime" eval="False"/>
      <field name="sort_by" eval="False"/>
      <field name="formula">True</field>
      <field name="formulas">result = datetime.now()</field>
      <field name="check_root_model">True</field>
      <field name="root_model_id" model="report.excel.fields" eval="obj().env['ir.model'].search([('model', '=', 'pos.order.line')], limit=1).id"/>
      <field name="root_model_name">pos.order.line</field>
      <field name="model_field_selector">id</field>
      <field name="field_type">integer</field>
      <field name="description" eval="False"/>
    </record>
    <record id="report_excel_section_17" model="report.excel.section">
      <field name="report_excel_id" ref="report_excel_12"/>
      <field name="root_model_id" model="report.excel.section" eval="obj().env['ir.model'].search([('model', '=', 'pos.order.line')], limit=1).id"/>
      <field name="sequence">11</field>
      <field name="name">SECTION 1 - Point of Sale Order Lines</field>
      <field name="parent_id" eval="[]"/>
      <field name="type_data">data_line</field>
      <field name="level" eval="0"/>
      <field name="root_model_related_field_id" eval="[]"/>
      <field name="root_model_name">pos.order.line</field>
      <field name="check_root_model">True</field>
      <field name="section" eval="False"/>
      <field name="section_level">1</field>
      <field name="section_start">A9</field>
      <field name="section_end">H11</field>
      <field name="domain">["&amp;","&amp;",["order_id.date_order","&gt;=","param(P1_start_date)"],["order_id.date_order","&lt;=","param(P2_end_date)"],["order_id.partner_id","=","param(P3_partners_m2m)"]]</field>
      <field name="description" eval="False"/>
    </record>
    <record id="report_excel_fields_104" model="report.excel.fields">
      <field name="sequence">100</field>
      <field name="cell">A10</field>
      <field name="report_excel_section_id" ref="report_excel_section_17"/>
      <field name="group_by">True</field>
      <field name="aggregate" eval="False"/>
      <field name="aggregate_id" eval="[]"/>
      <field name="having_operator" eval="False"/>
      <field name="having_selection">value</field>
      <field name="having_param_id" eval="[]"/>
      <field name="having_value_type">datetime</field>
      <field name="having_value_float" eval="0.0"/>
      <field name="having_value_date" eval="False"/>
      <field name="having_value_datetime" eval="False"/>
      <field name="sort_by" eval="False"/>
      <field name="formula">True</field>
      <field name="formulas">result = datetime.strptime(datetime.strftime(cell(A10), "%Y-%m-%d"), "%Y-%m-%d")
</field>
      <field name="check_root_model">True</field>
      <field name="root_model_id" model="report.excel.fields" eval="obj().env['ir.model'].search([('model', '=', 'pos.order.line')], limit=1).id"/>
      <field name="root_model_name">pos.order.line</field>
      <field name="model_field_selector">order_id.date_order</field>
      <field name="field_type">datetime</field>
      <field name="description" eval="False"/>
    </record>
    <record id="report_excel_fields_105" model="report.excel.fields">
      <field name="sequence">101</field>
      <field name="cell">B10</field>
      <field name="report_excel_section_id" ref="report_excel_section_17"/>
      <field name="group_by" eval="False"/>
      <field name="aggregate" eval="False"/>
      <field name="aggregate_id" eval="[]"/>
      <field name="having_operator" eval="False"/>
      <field name="having_selection">value</field>
      <field name="having_param_id" eval="[]"/>
      <field name="having_value_type">float</field>
      <field name="having_value_float" eval="0.0"/>
      <field name="having_value_date" eval="False"/>
      <field name="having_value_datetime" eval="False"/>
      <field name="sort_by" eval="False"/>
      <field name="formula" eval="False"/>
      <field name="formulas"># Help with Python expressions 

# The following variables can be used:
#  - uid: is the current user’s database id
#  - user: is the current user’s record
#  - date, datetime, dateutil: useful Python libraries 
#  - param(parameter_code): Report Parameter, for example  param(Parameter1_start_date)
#  - cell(CELL_COORDINATE): Excel Cell of the current Section,  for example  cell(A7) 

# Note: returned value have to be set in the variable 'result' 

# Example of Python code:
# if (cell(A7) == "out_invoice"):
#   result = cell(H7) * -1
# else:
#   result = cell(H7) </field>
      <field name="check_root_model">True</field>
      <field name="root_model_id" model="report.excel.fields" eval="obj().env['ir.model'].search([('model', '=', 'pos.order.line')], limit=1).id"/>
      <field name="root_model_name">pos.order.line</field>
      <field name="model_field_selector">order_id</field>
      <field name="field_type">many2one</field>
      <field name="description" eval="False"/>
    </record>
    <record id="report_excel_fields_106" model="report.excel.fields">
      <field name="sequence">102</field>
      <field name="cell">E10</field>
      <field name="report_excel_section_id" ref="report_excel_section_17"/>
      <field name="group_by" eval="False"/>
      <field name="aggregate" eval="False"/>
      <field name="aggregate_id" eval="[]"/>
      <field name="having_operator" eval="False"/>
      <field name="having_selection">value</field>
      <field name="having_param_id" eval="[]"/>
      <field name="having_value_type">float</field>
      <field name="having_value_float" eval="0.0"/>
      <field name="having_value_date" eval="False"/>
      <field name="having_value_datetime" eval="False"/>
      <field name="sort_by">asc</field>
      <field name="formula" eval="False"/>
      <field name="formulas"># Help with Python expressions 

# The following variables can be used:
#  - uid: is the current user’s database id
#  - user: is the current user’s record
#  - date, datetime, dateutil: useful Python libraries 
#  - param(parameter_code): Report Parameter, for example  param(Parameter1_start_date)
#  - cell(CELL_COORDINATE): Excel Cell of the current Section,  for example  cell(A7) 

# Note: returned value have to be set in the variable 'result' 

# Example of Python code:
# if (cell(A7) == "out_invoice"):
#   result = cell(H7) * -1
# else:
#   result = cell(H7) </field>
      <field name="check_root_model">True</field>
      <field name="root_model_id" model="report.excel.fields" eval="obj().env['ir.model'].search([('model', '=', 'pos.order.line')], limit=1).id"/>
      <field name="root_model_name">pos.order.line</field>
      <field name="model_field_selector">product_id</field>
      <field name="field_type">integer</field>
      <field name="description" eval="False"/>
    </record>
    <record id="report_excel_fields_107" model="report.excel.fields">
      <field name="sequence">103</field>
      <field name="cell">C10</field>
      <field name="report_excel_section_id" ref="report_excel_section_17"/>
      <field name="group_by" eval="False"/>
      <field name="aggregate" eval="False"/>
      <field name="aggregate_id" eval="[]"/>
      <field name="having_operator" eval="False"/>
      <field name="having_selection">value</field>
      <field name="having_param_id" eval="[]"/>
      <field name="having_value_type">datetime</field>
      <field name="having_value_float" eval="0.0"/>
      <field name="having_value_date" eval="False"/>
      <field name="having_value_datetime" eval="False"/>
      <field name="sort_by">asc</field>
      <field name="formula" eval="False"/>
      <field name="formulas"># Help with Python expressions 

# The following variables can be used:
#  - uid: is the current user’s database id
#  - user: is the current user’s record
#  - date, datetime, dateutil: useful Python libraries 
#  - param(parameter_code): Report Parameter, for example  param(Parameter1_start_date)
#  - cell(CELL_COORDINATE): Excel Cell of the current Section,  for example  cell(A7) 

# Note: returned value have to be set in the variable 'result' 

# Example of Python code:
# if (cell(A7) == "out_invoice"):
#   result = cell(H7) * -1
# else:
#   result = cell(H7) </field>
      <field name="check_root_model">True</field>
      <field name="root_model_id" model="report.excel.fields" eval="obj().env['ir.model'].search([('model', '=', 'pos.order.line')], limit=1).id"/>
      <field name="root_model_name">pos.order.line</field>
      <field name="model_field_selector">order_id.date_order</field>
      <field name="field_type">datetime</field>
      <field name="description" eval="False"/>
    </record>
    <record id="report_excel_fields_108" model="report.excel.fields">
      <field name="sequence">104</field>
      <field name="cell">D10</field>
      <field name="report_excel_section_id" ref="report_excel_section_17"/>
      <field name="group_by" eval="False"/>
      <field name="aggregate" eval="False"/>
      <field name="aggregate_id" eval="[]"/>
      <field name="having_operator" eval="False"/>
      <field name="having_selection">value</field>
      <field name="having_param_id" eval="[]"/>
      <field name="having_value_type">float</field>
      <field name="having_value_float" eval="0.0"/>
      <field name="having_value_date" eval="False"/>
      <field name="having_value_datetime" eval="False"/>
      <field name="sort_by" eval="False"/>
      <field name="formula" eval="False"/>
      <field name="formulas"># Help with Python expressions 

# The following variables can be used:
#  - uid: is the current user’s database id
#  - user: is the current user’s record
#  - date, datetime, dateutil: useful Python libraries 
#  - param(parameter_code): Report Parameter, for example  param(Parameter1_start_date)
#  - cell(CELL_COORDINATE): Excel Cell of the current Section,  for example  cell(A7) 

# Note: returned value have to be set in the variable 'result' 

# Example of Python code:
# if (cell(A7) == "out_invoice"):
#   result = cell(H7) * -1
# else:
#   result = cell(H7) </field>
      <field name="check_root_model">True</field>
      <field name="root_model_id" model="report.excel.fields" eval="obj().env['ir.model'].search([('model', '=', 'pos.order.line')], limit=1).id"/>
      <field name="root_model_name">pos.order.line</field>
      <field name="model_field_selector">order_id.partner_id</field>
      <field name="field_type">many2one</field>
      <field name="description" eval="False"/>
    </record>
    <record id="report_excel_fields_109" model="report.excel.fields">
      <field name="sequence">105</field>
      <field name="cell">F10</field>
      <field name="report_excel_section_id" ref="report_excel_section_17"/>
      <field name="group_by" eval="False"/>
      <field name="aggregate" eval="False"/>
      <field name="aggregate_id" eval="[]"/>
      <field name="having_operator" eval="False"/>
      <field name="having_selection">value</field>
      <field name="having_param_id" eval="[]"/>
      <field name="having_value_type">float</field>
      <field name="having_value_float" eval="0.0"/>
      <field name="having_value_date" eval="False"/>
      <field name="having_value_datetime" eval="False"/>
      <field name="sort_by" eval="False"/>
      <field name="formula" eval="False"/>
      <field name="formulas"># Help with Python expressions 

# The following variables can be used:
#  - uid: is the current user’s database id
#  - user: is the current user’s record
#  - date, datetime, dateutil: useful Python libraries 
#  - param(parameter_code): Report Parameter, for example  param(Parameter1_start_date)
#  - cell(CELL_COORDINATE): Excel Cell of the current Section,  for example  cell(A7) 

# Note: returned value have to be set in the variable 'result' 

# Example of Python code:
# if (cell(A7) == "out_invoice"):
#   result = cell(H7) * -1
# else:
#   result = cell(H7) </field>
      <field name="check_root_model">True</field>
      <field name="root_model_id" model="report.excel.fields" eval="obj().env['ir.model'].search([('model', '=', 'pos.order.line')], limit=1).id"/>
      <field name="root_model_name">pos.order.line</field>
      <field name="model_field_selector">qty</field>
      <field name="field_type">integer</field>
      <field name="description" eval="False"/>
    </record>
    <record id="report_excel_fields_110" model="report.excel.fields">
      <field name="sequence">106</field>
      <field name="cell">G10</field>
      <field name="report_excel_section_id" ref="report_excel_section_17"/>
      <field name="group_by" eval="False"/>
      <field name="aggregate" eval="False"/>
      <field name="aggregate_id" eval="[]"/>
      <field name="having_operator" eval="False"/>
      <field name="having_selection">value</field>
      <field name="having_param_id" eval="[]"/>
      <field name="having_value_type">float</field>
      <field name="having_value_float" eval="0.0"/>
      <field name="having_value_date" eval="False"/>
      <field name="having_value_datetime" eval="False"/>
      <field name="sort_by" eval="False"/>
      <field name="formula" eval="False"/>
      <field name="formulas"># Help with Python expressions 

# The following variables can be used:
#  - uid: is the current user’s database id
#  - user: is the current user’s record
#  - date, datetime, dateutil: useful Python libraries 
#  - param(parameter_code): Report Parameter, for example  param(Parameter1_start_date)
#  - cell(CELL_COORDINATE): Excel Cell of the current Section,  for example  cell(A7) 

# Note: returned value have to be set in the variable 'result' 

# Example of Python code:
# if (cell(A7) == "out_invoice"):
#   result = cell(H7) * -1
# else:
#   result = cell(H7) </field>
      <field name="check_root_model">True</field>
      <field name="root_model_id" model="report.excel.fields" eval="obj().env['ir.model'].search([('model', '=', 'pos.order.line')], limit=1).id"/>
      <field name="root_model_name">pos.order.line</field>
      <field name="model_field_selector">price_unit</field>
      <field name="field_type">integer</field>
      <field name="description" eval="False"/>
    </record>
    <record id="report_excel_fields_111" model="report.excel.fields">
      <field name="sequence">107</field>
      <field name="cell">H10</field>
      <field name="report_excel_section_id" ref="report_excel_section_17"/>
      <field name="group_by" eval="False"/>
      <field name="aggregate" eval="False"/>
      <field name="aggregate_id" eval="[]"/>
      <field name="having_operator" eval="False"/>
      <field name="having_selection">value</field>
      <field name="having_param_id" eval="[]"/>
      <field name="having_value_type">float</field>
      <field name="having_value_float" eval="0.0"/>
      <field name="having_value_date" eval="False"/>
      <field name="having_value_datetime" eval="False"/>
      <field name="sort_by" eval="False"/>
      <field name="formula" eval="False"/>
      <field name="formulas"># Help with Python expressions 

# The following variables can be used:
#  - uid: is the current user’s database id
#  - user: is the current user’s record
#  - date, datetime, dateutil: useful Python libraries 
#  - param(parameter_code): Report Parameter, for example  param(Parameter1_start_date)
#  - cell(CELL_COORDINATE): Excel Cell of the current Section,  for example  cell(A7) 

# Note: returned value have to be set in the variable 'result' 

# Example of Python code:
# if (cell(A7) == "out_invoice"):
#   result = cell(H7) * -1
# else:
#   result = cell(H7) </field>
      <field name="check_root_model">True</field>
      <field name="root_model_id" model="report.excel.fields" eval="obj().env['ir.model'].search([('model', '=', 'pos.order.line')], limit=1).id"/>
      <field name="root_model_name">pos.order.line</field>
      <field name="model_field_selector">price_subtotal_incl</field>
      <field name="field_type">float</field>
      <field name="description" eval="False"/>
    </record>
    <record id="report_excel_fields_112" model="report.excel.fields">
      <field name="sequence">108</field>
      <field name="cell">H11</field>
      <field name="report_excel_section_id" ref="report_excel_section_17"/>
      <field name="group_by" eval="False"/>
      <field name="aggregate">sum</field>
      <field name="aggregate_id" ref="report_excel.aggregate_sum"/>
      <field name="having_operator" eval="False"/>
      <field name="having_selection">value</field>
      <field name="having_param_id" eval="[]"/>
      <field name="having_value_type">float</field>
      <field name="having_value_float" eval="0.0"/>
      <field name="having_value_date" eval="False"/>
      <field name="having_value_datetime" eval="False"/>
      <field name="sort_by" eval="False"/>
      <field name="formula" eval="False"/>
      <field name="formulas"># Help with Python expressions 

# The following variables can be used:
#  - uid: is the current user’s database id
#  - user: is the current user’s record
#  - date, datetime, dateutil: useful Python libraries 
#  - param(parameter_code): Report Parameter, for example  param(Parameter1_start_date)
#  - cell(CELL_COORDINATE): Excel Cell of the current Section,  for example  cell(A7) 

# Note: returned value have to be set in the variable 'result' 

# Example of Python code:
# if (cell(A7) == "out_invoice"):
#   result = cell(H7) * -1
# else:
#   result = cell(H7) </field>
      <field name="check_root_model">True</field>
      <field name="root_model_id" model="report.excel.fields" eval="obj().env['ir.model'].search([('model', '=', 'pos.order.line')], limit=1).id"/>
      <field name="root_model_name">pos.order.line</field>
      <field name="model_field_selector">price_subtotal_incl</field>
      <field name="field_type">float</field>
      <field name="description" eval="False"/>
    </record>
    <record id="report_excel_fields_113" model="report.excel.fields">
      <field name="sequence">109</field>
      <field name="cell">F11</field>
      <field name="report_excel_section_id" ref="report_excel_section_17"/>
      <field name="group_by" eval="False"/>
      <field name="aggregate">sum</field>
      <field name="aggregate_id" ref="report_excel.aggregate_sum"/>
      <field name="having_operator" eval="False"/>
      <field name="having_selection">value</field>
      <field name="having_param_id" eval="[]"/>
      <field name="having_value_type">float</field>
      <field name="having_value_float" eval="0.0"/>
      <field name="having_value_date" eval="False"/>
      <field name="having_value_datetime" eval="False"/>
      <field name="sort_by" eval="False"/>
      <field name="formula" eval="False"/>
      <field name="formulas"># Help with Python expressions 

# The following variables can be used:
#  - uid: is the current user’s database id
#  - user: is the current user’s record
#  - date, datetime, dateutil: useful Python libraries 
#  - param(parameter_code): Report Parameter, for example  param(Parameter1_start_date)
#  - cell(CELL_COORDINATE): Excel Cell of the current Section,  for example  cell(A7) 

# Note: returned value have to be set in the variable 'result' 

# Example of Python code:
# if (cell(A7) == "out_invoice"):
#   result = cell(H7) * -1
# else:
#   result = cell(H7) </field>
      <field name="check_root_model">True</field>
      <field name="root_model_id" model="report.excel.fields" eval="obj().env['ir.model'].search([('model', '=', 'pos.order.line')], limit=1).id"/>
      <field name="root_model_name">pos.order.line</field>
      <field name="model_field_selector">qty</field>
      <field name="field_type">float</field>
      <field name="description" eval="False"/>
    </record>
    <record id="report_excel_section_18" model="report.excel.section">
      <field name="report_excel_id" ref="report_excel_12"/>
      <field name="root_model_id" model="report.excel.section" eval="obj().env['ir.model'].search([('model', '=', 'pos.order.line')], limit=1).id"/>
      <field name="sequence">12</field>
      <field name="name">SECTION 2 - Point of Sale Order Lines Total</field>
      <field name="parent_id" eval="[]"/>
      <field name="type_data">data_line</field>
      <field name="level" eval="0"/>
      <field name="root_model_related_field_id" eval="[]"/>
      <field name="root_model_name">pos.order.line</field>
      <field name="check_root_model">True</field>
      <field name="section" eval="False"/>
      <field name="section_level">1</field>
      <field name="section_start">A13</field>
      <field name="section_end">H13</field>
      <field name="domain">["&amp;","&amp;",["order_id.date_order","&gt;=","param(P1_start_date)"],["order_id.date_order","&lt;=","param(P2_end_date)"],["order_id.partner_id","=","param(P3_partners_m2m)"]]</field>
      <field name="description" eval="False"/>
    </record>
    <record id="report_excel_fields_114" model="report.excel.fields">
      <field name="sequence">100</field>
      <field name="cell">F13</field>
      <field name="report_excel_section_id" ref="report_excel_section_18"/>
      <field name="group_by" eval="False"/>
      <field name="aggregate">sum</field>
      <field name="aggregate_id" ref="report_excel.aggregate_sum"/>
      <field name="having_operator" eval="False"/>
      <field name="having_selection">value</field>
      <field name="having_param_id" eval="[]"/>
      <field name="having_value_type">float</field>
      <field name="having_value_float" eval="0.0"/>
      <field name="having_value_date" eval="False"/>
      <field name="having_value_datetime" eval="False"/>
      <field name="sort_by" eval="False"/>
      <field name="formula" eval="False"/>
      <field name="formulas"># Help with Python expressions 

# The following variables can be used:
#  - uid: is the current user’s database id
#  - user: is the current user’s record
#  - date, datetime, dateutil: useful Python libraries 
#  - param(parameter_code): Report Parameter, for example  param(Parameter1_start_date)
#  - cell(CELL_COORDINATE): Excel Cell of the current Section,  for example  cell(A7) 

# Note: returned value have to be set in the variable 'result' 

# Example of Python code:
# if (cell(A7) == "out_invoice"):
#   result = cell(H7) * -1
# else:
#   result = cell(H7) </field>
      <field name="check_root_model">True</field>
      <field name="root_model_id" model="report.excel.fields" eval="obj().env['ir.model'].search([('model', '=', 'pos.order.line')], limit=1).id"/>
      <field name="root_model_name">pos.order.line</field>
      <field name="model_field_selector">qty</field>
      <field name="field_type">float</field>
      <field name="description" eval="False"/>
    </record>
    <record id="report_excel_fields_115" model="report.excel.fields">
      <field name="sequence">101</field>
      <field name="cell">H13</field>
      <field name="report_excel_section_id" ref="report_excel_section_18"/>
      <field name="group_by" eval="False"/>
      <field name="aggregate">sum</field>
      <field name="aggregate_id" ref="report_excel.aggregate_sum"/>
      <field name="having_operator" eval="False"/>
      <field name="having_selection">value</field>
      <field name="having_param_id" eval="[]"/>
      <field name="having_value_type">float</field>
      <field name="having_value_float" eval="0.0"/>
      <field name="having_value_date" eval="False"/>
      <field name="having_value_datetime" eval="False"/>
      <field name="sort_by" eval="False"/>
      <field name="formula" eval="False"/>
      <field name="formulas"># Help with Python expressions 

# The following variables can be used:
#  - uid: is the current user’s database id
#  - user: is the current user’s record
#  - date, datetime, dateutil: useful Python libraries 
#  - param(parameter_code): Report Parameter, for example  param(Parameter1_start_date)
#  - cell(CELL_COORDINATE): Excel Cell of the current Section,  for example  cell(A7) 

# Note: returned value have to be set in the variable 'result' 

# Example of Python code:
# if (cell(A7) == "out_invoice"):
#   result = cell(H7) * -1
# else:
#   result = cell(H7) </field>
      <field name="check_root_model">True</field>
      <field name="root_model_id" model="report.excel.fields" eval="obj().env['ir.model'].search([('model', '=', 'pos.order.line')], limit=1).id"/>
      <field name="root_model_name">pos.order.line</field>
      <field name="model_field_selector">price_subtotal_incl</field>
      <field name="field_type">integer</field>
      <field name="description" eval="False"/>
    </record>
    <record id="report_excel_fields_116" model="report.excel.fields">
      <field name="sequence">102</field>
      <field name="cell">A13</field>
      <field name="report_excel_section_id" ref="report_excel_section_18"/>
      <field name="group_by">True</field>
      <field name="aggregate" eval="False"/>
      <field name="aggregate_id" eval="[]"/>
      <field name="having_operator" eval="False"/>
      <field name="having_selection">value</field>
      <field name="having_param_id" eval="[]"/>
      <field name="having_value_type">float</field>
      <field name="having_value_float" eval="0.0"/>
      <field name="having_value_date" eval="False"/>
      <field name="having_value_datetime" eval="False"/>
      <field name="sort_by" eval="False"/>
      <field name="formula">True</field>
      <field name="formulas">result = user.name</field>
      <field name="check_root_model">True</field>
      <field name="root_model_id" model="report.excel.fields" eval="obj().env['ir.model'].search([('model', '=', 'pos.order.line')], limit=1).id"/>
      <field name="root_model_name">pos.order.line</field>
      <field name="model_field_selector">id</field>
      <field name="field_type">integer</field>
      <field name="description" eval="False"/>
    </record>
    <record id="report_excel_12_action1" model="ir.actions.act_window">
      <field name="name">POS Product Sales by Date</field>
      <field name="type">ir.actions.act_window</field>
      <field name="res_model">report_excel_wizard</field>
      <field name="view_type">form</field>
      <field name="view_mode">form</field>
      <field name="view_id" model="report.excel" eval="obj().env['ir.ui.view'].search([('model', '=', 'report_excel_wizard')]).id"/>
      <field name="target">new</field>
      <field name="context" eval="{'model': 'report.excel', 'id': ref('report_excel_12')}"/>
    </record>
    <menuitem id="menu_report_excel_12_action1" name="Product Sales by Date (XLSX)" parent="point_of_sale.menu_point_rep" sequence="100" action="report_excel_12_action1"/>
    <record id="report_excel_12" model="report.excel">
      <field name="report_excel_param_ids" eval="[[4, ref('report_excel_param_20'), False],[4, ref('report_excel_param_21'), False],[4, ref('report_excel_param_22'), False],]"/>
    </record>
    <record id="report_excel_12" model="report.excel">
      <field name="template_name_id" ref="report_excel_template_attachment_823"/>
    </record>
  </data>
</odoo>
