{

   "state": [

{
      "state_code": "91",
      "codigo_iso": "AMA"
   },
   {
      "state_code": "05",
      "codigo_iso": "ANT"
   },
   {
      "state_code": "81",
      "codigo_iso": "ARA"
   },
   {
      "state_code": "08",
      "codigo_iso": "ATL"
   },
   {
      "state_code": "11",
      "codigo_iso": "DC"
   },
   {
      "state_code": "13",
      "codigo_iso": "BOL"
   },
   {
      "state_code": "15",
      "codigo_iso": "BOY"
   },
   {
      "state_code": "17",
      "codigo_iso": "CAL"
   },
   {
      "state_code": "18",
      "codigo_iso": "CAQ"
   },
   {
      "state_code": "85",
      "codigo_iso": "CAS"
   },
   {
      "state_code": "19",
      "codigo_iso": "CAU"
   },
   {
      "state_code": "20",
      "codigo_iso": "CES"
   },
   {
      "state_code": "27",
      "codigo_iso": "CHO"
   },
   {
      "state_code": "23",
      "codigo_iso": "COR"
   },
   {
      "state_code": "25",
      "codigo_iso": "CUN"
   },
   {
      "state_code": "94",
      "codigo_iso": "GUA"
   },
   {
      "state_code": "95",
      "codigo_iso": "GUV"
   },
   {
      "state_code": "41",
      "codigo_iso": "HUI"
   },
   {
      "state_code": "44",
      "codigo_iso": "LAG"
   },
   {
      "state_code": "47",
      "codigo_iso": "MAG"
   },
   {
      "state_code": "50",
      "codigo_iso": "MET"
   },
   {
      "state_code": "52",
      "codigo_iso": "NAR"
   },
   {
      "state_code": "54",
      "codigo_iso": "NSA"
   },
   {
      "state_code": "86",
      "codigo_iso": "PUT"
   },
   {
      "state_code": "63",
      "codigo_iso": "QUI"
   },
   {
      "state_code": "66",
      "codigo_iso": "RIS"
   },
   {
      "state_code": "88",
      "codigo_iso": "SAP"
   },
   {
      "state_code": "68",
      "codigo_iso": "SAN"
   },
   {
      "state_code": "70",
      "codigo_iso": "SUC"
   },
   {
      "state_code": "73",
      "codigo_iso": "TOL"
   },
   {
      "state_code": "76",
      "codigo_iso": "VAC"
   },
   {
      "state_code": "97",
      "codigo_iso": "VAU"
   },
   {
      "state_code": "99",
      "codigo_iso": "VID"
   }

]
   }