<odoo>
  <record id="model_access_contract_payments" model="ir.model.access">
        <field name="name">model.access.contract_payments</field>
        <field name="model_id" ref="contracts_modifier.model_contract_payments"/>
        <field name="group_id" ref="base.group_system"/>
        <field name="perm_create" eval="1"/>
        <field name="perm_write" eval="1"/>
        <field name="perm_unlink" eval="1"/>
        <field name="perm_read" eval="1"/>
  </record>
  <record id="model_access_saldo_inicial" model="ir.model.access">
        <field name="name">model.access.saldo_inicial</field>
        <field name="model_id" ref="contracts_modifier.model_initial_saldo"/>
        <field name="group_id" ref="base.group_system"/>
        <field name="perm_create" eval="1"/>
        <field name="perm_write" eval="1"/>
        <field name="perm_unlink" eval="1"/>
        <field name="perm_read" eval="1"/>
  </record>

</odoo>