<?xml version="1.0" encoding="utf-8"?>
<odoo>
    <data noupdate="1">

        <record id="paperformat_euro_landscape" model="report.paperformat">
            <field name="name">European A4 Landscape</field>
            <field name="default" eval="True" />
            <field name="format">A4</field>
            <field name="page_height">0</field>
            <field name="page_width">0</field>
            <field name="orientation">Landscape</field>
            <field name="margin_top">25</field>
            <field name="margin_bottom">28</field>
            <field name="margin_left">7</field>
            <field name="margin_right">7</field>
            <field name="header_line" eval="False" />
            <field name="header_spacing">20</field>
            <field name="dpi">90</field>
        </record>

    </data>
</odoo>
