<?xml version="1.0" encoding="utf-8"?>
<odoo>
	<data noupdate="1">
		<record id="payment_acquirer_mercadopago" model="payment.acquirer">
			<field name="name">Mercado Pago</field>
			<field name="provider">mercadopago</field>
			<field name="image" type="base64" file="mercado_pago/static/description/icon.png" />
			<field name="mp_service_mode">basic</field>
			<field name="mp_country">MCO</field>
		</record>
		<record id="payment_journal_payu" model="account.journal">
			<field name="name">MercadoPago</field>
			<field name="code">MEPGO</field>
			<field name="type">bank</field>
		</record>
	</data>
</odoo>
