<?xml version="1.0" encoding="utf-8"?>
<odoo>
    <data noupdate="1">

        <record id="ir_cron_birthday_reminder_employee" model="ir.cron">
            <field name="name">Employee Birthday Reminder</field>
            <field name="model_id" ref="hr.model_hr_employee"/>
            <field name="state">code</field>
            <field name="code">model.send_birthday_reminder_employee()</field>
            <field name="user_id" ref="base.user_root"/>
            <field name="interval_number">1</field>
            <field name="interval_type">days</field>
            <field name="numbercall">-1</field>
            <field name="nextcall" eval="(DateTime.now() + relativedelta(days=1)).strftime('%Y-%m-%d 00:00:05')"/>
            <field eval="False" name="doall"/>
        </record>

    </data>
</odoo>
