<?xml version="1.0" ?>
<odoo>
    <data noupdate="1">
        <record id="email_birthday_wishes_employee_template" model="mail.template">
            <field name="name">Employee Birthday Wish Template</field>
            <field name="subject">Happy Birthday ${object.name} 🎂</field>
            <field name="email_from">${user.email|safe}</field>
            <field name="email_to">${object.work_email|safe}</field>
            <field name="model_id" ref="hr.model_hr_employee"/>
            <field name="auto_delete" eval="True"/>
            <field name="body_html"><![CDATA[
                <p>Dear <b>${object.name}</b> 🥳,</p>
                <p>On behalf of the entire <b>${user.company_id.name}</b>, We wish you a very happy birthday 🎂 and
                    sending you our best wishes for much happiness in your life 🎉.</p>
                <p>Have a best one!</p>
                ]]>
            </field>
        </record>


        <record id="email_birthday_reminder_template" model="mail.template">
            <field name="name">Employee Birthday Reminder Template</field>
            <field name="subject">Reminder For Upcoming Birthday</field>
            <field name="partner_to">${object.partner_id.id|safe}</field>
            <field name="model_id" ref="base.model_res_users"/>
            <field name="auto_delete" eval="True"/>
            <field name="body_html"><![CDATA[
                <p>Hello Manager,</p>
                % set birthday_info = object.get_employee_birthday_info()
                <p>This is a notification of upcoming birthday of below employees on <b>${birthday_info.get('date')}</b>.
                </p>
                <ul>
                    % for employee in birthday_info.get('employees'):
                    <li>
                        ${employee.name}
                    </li>
                    % endfor
                </ul>
                <br/>
                <p>Thank You</p>
                ]]>
            </field>
        </record>


    </data>
</odoo>
