id,name,model_id:id,group_id:id,perm_read,perm_write,perm_create,perm_unlink
access_custom_session,custom_session,pos_hotel.model_custom_sessions,base.group_user,1,1,1,1
access_custom_session_order,custom_session_order,pos_hotel.model_custom_sessions_order,base.group_user,1,1,1,1
access_custom_session_line,custom_session_line,pos_hotel.model_custom_sessions_order_line,base.group_user,1,1,1,1
access_mail_mail_line,custom_mail_mail,edocs_print_format.model_pos_mail_mail,base.group_user,1,1,1,1

