"id","name","code","cufe_algorithm","prefix","type"
"1","Factura electrónica","01","CUFE-SHA384","fv","CUFE"
"2","Factura electrónica de exportación","02","CUFE-SHA384","fv","CUFE"
"3","Factura electrónica de contingencia","03","CUDE-SHA384","fv","CUDE"
"4","Factura electrónica de contingencia","04","CUFE-SHA384","fv","CUFE"
"5","Nota de crédito electrónica","91","CUDE-SHA384","nc","CUDE"
"6","Nota de débito electrónica","92","CUDE-SHA384","nd","CUDE"
"7","ZIP","","","z",""
"8","Application Response","","","ar",""
"9","Attached Document","","","ad",""
