<?xml version="1.0" encoding="UTF-8"?>
<templates id="point_of_sale.template" xml:space="preserve">
    <t t-extend="PosTicket">
        <t t-jquery='.pos-sale-ticket' t-operation='replace'>
            <div class="pos-sale-ticket">
                <!-- Ticket header -->
                <div>
                    <!-- Image -->
                    <div style="width: 35%;float: left; ">
                        <t t-if='widget.pos.config.image'>
                            <img t-att-src="a2" style="width:100%"/>
                        </t>
                        <t t-if='!widget.pos.config.image'>
                            <img src='/web/binary/company_logo' style="width:100%"/>
                        </t>
                    </div>
                    <!-- Company -->
                    <div style="width: 65%; float: left; padding: 20px 0px; text-align:right;">
                        <!-- Company & Shop -->
                        <t t-if="widget.pos.company.name">
                            <t t-esc="widget.pos.company.name"/><br />
                        </t>
                        <t t-if="widget.pos.company.vat">
                            VAT: <t t-esc="widget.pos.company.vat"/><br />
                        </t>
                        <t t-if="widget.pos.config.name">
                            <t t-esc="widget.pos.config.name"/><br />
                        </t>
                        <!-- Company data -->
                        <t t-if="widget.pos.company.phone">
                            Tel: <t t-esc="widget.pos.company.phone"/><br />
                        </t>
                        <t t-if="widget.pos.company.email">
                            <t t-esc="widget.pos.company.email"/><br />
                        </t>
                        User: <t t-esc="widget.pos.cashier ? widget.pos.cashier.name : widget.pos.user.name"/><br />
                        
                    </div>
                </div>
                <br />

                <!-- No. (order.name) Simplified invoice -->
                <div style="text-align:center;">
                    <t t-esc="order.name"/>
                    <br />
                </div>
                <br />

                <div>
                    <div style="width: 50%; float: left; text-align:left;">
                        <!-- Date -->
                        <t t-esc="moment().format('L LT')"/><br />
                    </div>
                    <div style="width: 50%; float: right; text-align:right;">
                        <!-- Customer -->
                        <t t-set="client" t-value="order.get_client()"/>
                        <t t-if="client">
                            <t t-esc="client['name']"/><br />
                            <t t-esc="client['street']"/><br />
                            <t t-esc="client['mobile']"/><br />
                            <t t-esc="client['phone']"/><br />
                            <t t-if="client['vat']">
                            VAT: <t t-esc="client['vat']"/><br />
                            </t>
                        </t>
                    </div>
                </div>
                <br />

                <!-- Header -->
                <t t-if="receipt.header">
                    <div style='text-align:center'>
                        <t t-esc="receipt.header" />
                    </div>
                    <br/>
                </t>

                <!-- Items -->
                <table class='receipt-orderlines'>
                    <colgroup>
                        <col width='15%' />
                        <col width='55%' />
                        <!-- <col width='15%' /> -->
                        <col width='30%' />
                    </colgroup>
                    <tr style="border-bottom: 1px solid rgb(0, 0, 0); padding-top: 10px;">
                        <th>Qty</th>
                        <th>Name</th>
                        <!-- <th>Price</th> -->
                        <th style='text-align:right'>Price</th>
                    </tr>
                    <tr t-foreach="orderlines" t-as="orderline">
                        <td>
                            <t t-esc="orderline.get_quantity_str_with_unit()"/>
                        </td>
                        <td>
                            <t t-esc="orderline.get_product().display_name"/>
                             <t t-if="orderline.get_discount() > 0">
                                <div class="pos-disc-font">
                                    With a <t t-esc="orderline.get_discount()"/>% discount
                                </div>
                            </t>
                        </td>
                        <!-- <td>
                            <t t-set="a" t-value="orderline.quantityStr"></t>
                            <t t-set="b" t-value="orderline.get_display_price()"></t>
                            <t t-set="c" t-value="b/a"></t>
                            <t t-esc="c"/>
                        </td> -->
                        <td style='text-align:right'>
                            <t t-esc="widget.format_currency(orderline.get_display_price())"/>
                        </td>
                    </tr>
                </table>
                <br />

                <!-- Total -->
                <table class='receipt-total'>
                    <colgroup>
                        <col width='40%' />
                        <col width='30%' />
                        <col width='30%' />
                    </colgroup>
                    <tr>
                        <td></td>
                        <td>Subtotal:</td>
                        <td style='text-align:right'>
                            <t t-esc="widget.format_currency(order.get_total_without_tax())"/>
                        </td>
                    </tr>
                    <t t-foreach="order.get_tax_details()" t-as="taxdetail">
                        <tr>
                            <td></td>
                            <td><t t-esc="taxdetail.name" /></td>
                            <td style='text-align:right'>
                                <t t-esc="widget.format_currency(taxdetail.amount)"/>
                            </td>
                        </tr>
                    </t>
                    <tr>
                        <td></td>
                        <td>Discount:</td>
                        <td style='text-align:right'>
                            <t t-esc="widget.format_currency(order.get_total_discount())"/>
                        </td>
                    </tr>
                    <tr class="emph">
                        <td>Total:</td>
                        <td colspan="2" style='text-align:right'>
                            <t t-esc="widget.format_currency(order.get_total_with_tax())"/>
                        </td>
                    </tr>
                </table>
                <br/>

                <!-- Payment -->
                <table class='receipt-paymentlines'>
                    <colgroup>
                        <col width='38%' />
                        <col width='20%' />
                        <col width='13%' />
                        <col width='29%' />
                    </colgroup>
                    <t t-foreach="paymentlines" t-as="line">
                      <tr>
                          <td>
                              <t t-esc="line.name"/>
                          </td>
                          <td>
                          </td>
                          <td>
                          </td>
                          <td style='text-align:right'>
                              <t t-esc="widget.format_currency(line.get_amount())"/>
                          </td>
                      </tr>
                    </t>
                </table>
                <br/>

                <!-- Change -->
                <table class='receipt-change'>
                    <colgroup>
                        <col width='40%' />
                        <col width='15%' />
                        <col width='15%' />
                        <col width='30%' />
                    </colgroup>
                    <tr><td>Change:</td>
                         <td>
                          </td>
                          <td>
                          </td>
                        <td style='text-align:right'>
                        <t t-esc="widget.format_currency(order.get_change())"/>
                        </td></tr>
                </table>

                <!-- Footer -->
                <t t-if="receipt.footer">
                    <br />
                    <div style='text-align:center'>
                        <t t-esc="receipt.footer" />
                    </div>
                </t>
            </div>
        </t>
    </t>
</templates>
