<templates>
<t t-extend="PosTicket">
    <t t-jquery=".pos-sale-ticket" t-operation="replace">
    
       <div class="pos-sale-ticket">
            
            <div class="pos-ticket-header">
                <div class="pos-logo-header pos-header-t">
                    <img t-att-src="widget.pos.company_logo_base64"/>
                </div>
                <div class="company-details pos-header-t">
                <b  class="participant_name"><t t-esc="widget.pos.company.name"/></b>
                <div class="company-details-padded">
                    <div class="receipt-vat" t-if="widget.pos.company.vat">
                        NIT: <t t-esc="widget.pos.company.vat"/>   <br />
                    </div>                 
                    <div class="receipt-phone">
                        Phone: <t t-esc="widget.pos.company.phone || ''"/><br />
                    </div>
                    <div class="receipt-phone">
                        Dirección: <t t-esc="widget.pos.company.street || ''"/><br />
                    </div>
                    <div class="receipt-phone">
                        Ciudad: <t t-esc="widget.pos.company.city || ''"/><br />
                    </div>
                    </div>
                </div>                   
            </div> 
            <div class="pos-center-align pos-order-reference">
                    <t t-esc="order.name"/>
            </div>
            <div class="pos-center-align">
                <t t-esc="order.formatted_validation_date"/>
            </div>  
            <div class="pos-center-align invoice-details">
                    <div class="invoice-journal"></div>
                    <div class="invoice-number"></div>                   
                </div>            
            <div>
            <p  class="custom-p-text">Régimen Común. No Somos Grandes Contribuyentes.</p>
            </div>
             <div class="company-details">
                <b>Cliente:</b>
                <b class="participant_name"><t t-esc="order.get_client().name"  /></b>
               <div class="company-details-padded">
                <div class="receipt-vat" t-if="order.get_client().fe_nit">
                    Nº Identificación: <t t-esc="order.get_client().fe_nit"/>   <br />
                </div> 
                <div class="receipt-vat" t-if="order.get_client().fe_nit=='' and order.get_client().vat">
                    Nº Identificación: <t t-esc="order.get_client().vat"/>   <br />
                </div>                
                <div class="receipt-phone" t-if="order.get_client().phone">
                    Phone: <t t-esc="order.get_client().phone || ''"/><br />
                </div>
                <div class="receipt-phone" t-if="order.get_client().street">
                    Dirección: <t t-esc="order.get_client().street || ''"/><br />
                </div>
                <div class="receipt-phone"  t-if="order.get_client().city">
                    Ciudad: <t t-esc="order.get_client().city || ''"/><br />
                </div>
                </div>
            </div>                   
            <br />
            <t t-if="receipt.header">
                <div style='text-align:center'>
                    <t t-esc="receipt.header" />
                </div>
                <br />
            </t>
             
            <table class='receipt-orderlines'>
                <colgroup>
                    <col width='16%' />
                    <col width='45%' />
                    <col width='23%' />
                    <col width='35%' />
                </colgroup>
                <tr class="pos-table-header">
                    <th>Ref</th>
                    <th>Descripción</th>
                    <th>Cantidad</th>
                    <th style="text-align:right;">Vr Total</th>
                </tr>
                <tr t-foreach="orderlines" t-as="orderline">
                    <td>
                        <t t-esc="orderline.get_product().default_code"/>
                    </td>
                    <td>
                        <t t-esc="orderline.get_product().display_name"/>
                         <t t-if="orderline.get_discount() > 0">
                            <div class="pos-disc-font">
                                With a <t t-esc="orderline.get_discount()"/>% discount
                            </div>
                        </t>
                    </td>
                    <td class="pos-right-align">
                        <t t-esc="orderline.get_quantity_str_with_unit()"/>
                    </td>
                    <td class="pos-right-align">
                        <t t-esc="widget.format_currency(orderline.get_display_price())"/>
                    </td>
                </tr>
            </table>
            <br />
            <table class='receipt-total'>
                <tr>
                    <td>Subtotal:</td>
                    <td class="pos-right-align">
                        <t t-esc="widget.format_currency(order.get_total_without_tax())"/>
                    </td>
                </tr>
                <t t-foreach="order.get_tax_details()" t-as="taxdetail">
                    <tr>
                        <td><t t-esc="taxdetail.name" /></td>
                        <td class="pos-right-align">
                            <t t-esc="widget.format_currency(taxdetail.amount)" />
                        </td>
                    </tr>
                </t>
                <tr>
                    <t t-if="order.get_total_discount() > 0">
                        <td>Discount:</td>
                        <td class="pos-right-align">
                            <t t-esc="widget.format_currency(order.get_total_discount())"/>
                        </td>
                    </t>
                </tr>
                <tr class="emph">
                    <td>Total:</td>
                    <td class="pos-right-align">
                        <t t-esc="widget.format_currency(order.get_total_with_tax())"/>
                    </td>
                </tr>
            </table>
            <br />
            <table class='receipt-paymentlines'>
                <t t-foreach="paymentlines" t-as="line">
                  <tr>
                      <td>
                          <t t-esc="line.name"/>
                      </td>
                      <td class="pos-right-align">
                          <t t-esc="widget.format_currency(line.get_amount())"/>
                      </td>
                  </tr>
                </t>
            </table>
            <br />
            <table class='receipt-change'>
                <tr><td>Change:</td><td class="pos-right-align">
                    <t t-esc="widget.format_currency(order.get_change())"/>
                    </td></tr>
            </table>
            <br/>
            <table class="pos-group-taxes">
                    <colgroup>
                        <col width='18%' />
                        <col width='10%' />
                        <col width='23%' />
                        <col width='24%' />
                        <col width='25%' />
                    </colgroup>
                   <tr class="pos-table-header">
                        <th colspan="2">Tipo</th>
                        <th>Vr Compra</th>
                        <th>Base/Imp</th>
                        <th style="text-align:right;">Impuesto</th>
                   </tr>
                   <tr t-foreach="groupTaxes" t-as="groupTax">
                    <td><t t-esc="groupTax.name"/></td>
                    <!--<td><t t-esc="groupTax.type"/></td>-->
                    <td><t t-esc="groupTax.amount"/></td>
                    <td><t t-esc="groupTax.price_subtotal_incl"/></td>
                    <td><t t-esc="groupTax.price_subtotal"/></td>
                    <td><t t-esc="groupTax.tax_amount_over_price"/></td>
                   </tr>
             </table>
             <br/>
             <div class="company-details">
               <p class="custom-p-text">
                Autorización de Numeración de Facturación DIAN Sistema POS 1876000000000 del 01/12/2019 Habilita Rango: Prefijo OSB 000001 hasta 100000
                </p>
                <b>Cajero</b>
                <b  class="participant_name"><t t-esc="widget.pos.get_cashier().name"/></b>
               <div class="company-details-padded-footer">
                <div class="receipt-vat">
                     <t t-esc="widget.pos.get_cashier().login"/>   <br />
                </div>  
                </div>
            </div> 
            <div class="pos-center-align invoice-details">
                    <div class="invoice-cufe"></div>                    
                </div> 
            <div class="pos-center-align" t-if="widget.pos.company.website"><br/>
                    <div>Elaborado por ODOO ERP POS</div>
                    <div><t t-esc="widget.pos.company.website"/></div>
                    <div>NIT <t t-esc="widget.pos.company.vat"/></div>                     
            </div>  
            <t t-if="receipt.footer">
                
                <br />
                <div style='text-align:center'>
                    <t t-esc="receipt.footer" />
                </div>
            </t>
        </div>
    </t>
</t>
</templates>