<?xml version="1.0" encoding="utf-8"?>
<odoo>
<data noupdate="1">
    <!-- Multi - Company Rules -->

    <record id="select_sales_person_rule" model="ir.rule">
        <field name="name">Own Salesperson in Pipeline Report</field>
        <field ref="model_res_users" name="model_id"/>
        <field name="domain_force">[('id','=',user.id)]</field>
        <field name="groups" eval="[(4, ref('sales_team.group_sale_salesman'))]"/>
    </record>

    <record id="select_sales_person_rule_manager" model="ir.rule">
        <field name="name">Select all Salesperson in Pipeline Report</field>
        <field ref="model_res_users" name="model_id"/>
        <field name="domain_force">[(1,'=',1)]</field>
        <field name="groups" eval="[(4, ref('sales_team.group_sale_salesman_all_leads'))]"/>
    </record>

</data>
</odoo>
