<odoo noupdate="0">

    <!-- Email Template For Hotel Reservation -->
    <record id="email_template_hotel_reservation" model="mail.template">
        <field name="name">Reservation-Send by Email</field>
        <field name="email_from">${object.warehouse_id.partner_id.email |safe}
        </field>
        <field name="subject">Hotel Reservation Detail</field>
        <field name="partner_to">${object.partner_id.id}</field>
        <field name="model_id" ref="hotel_reservation.model_hotel_reservation"/>
        <field name="auto_delete" eval="True"/>
        <field name="lang">${object.partner_id.lang}</field>
        <field name="user_signature" eval="False"/>
        <field name="body_html" type="html">
            <div style="margin: 0px; padding: 0px;">
                <p style="margin: 0px; padding: 0px; font-size: 13px;">
                    <p>Hello <strong>${object.partner_id.name}</strong>,
                    </p>
                    <p>This is to confirm your booking for a room at
                        the <strong>${object.warehouse_id.name} Hotel</strong>,
                        % if object.warehouse_id.partner_id.city:
                        <strong>${object.warehouse_id.partner_id.city}</strong>,
                        % endif
                        % if object.warehouse_id.partner_id.country_id.name:
                        <strong>
                            ${object.warehouse_id.partner_id.country_id.name}</strong>
                        .
                        % endif
                        On behalf of the hotel, we would like to express our
                        gratitude to you for choosing our services.
                        Please find all the details regarding the confirmation
                        of the reservation on Date <strong>
                            ${format_tz(object.date_order,tz=user.tz,format='%Y-%m-%d %H:%M:%S')}
                        </strong> are listed below:
                    </p>
                    <strong>Details :</strong>
                    <br/>
                    <p style="border-left: 1px solid #8e0000; margin-left: 30px;">
                        Name Of Guest :
                        <strong>${object.partner_id.name}</strong>
                        <br/>
                        Date Of Arrival :
                        <strong>
                            ${format_tz(object.checkin,tz=user.tz, format='%Y-%m-%d %H:%M:%S')}
                        </strong>
                        <br/>
                        Date Of Departure :
                        <strong>
                            ${format_tz(object.checkout,tz=user.tz, format='%Y-%m-%d %H:%M:%S')}
                        </strong>
                        <br/>
                        Reservation Number :
                        <strong>${object.reservation_no}</strong>
                        <br/>
                        Number Of Persons : <strong>${object.adults}</strong> Adults
                        and <strong>${object.children}</strong> Childrens
                        <br/>
                    </p>
                    <strong>Rooms Rates Per Night :</strong>
                    <br/>
                    <br/>
                    <table border="1" cellpadding="4"
                           style="margin-left: 30px;">
                        <tr>
                            <th>Room No</th>
                            <th>Amount</th>
                        </tr>
                        %for line in object.reservation_line:
                        %for line2 in line.reserve:
                        <tr>
                            <td>${line2.product_id.name}</td>
                            <td>${line2.product_id.list_price}</td>
                        </tr>
                        %endfor
                        %endfor
                    </table>
                    <br/>
                    <p>We would appreciate it if you could let us know in case
                        there are any changes in your schedule or program.
                        In case you require check-in facilities at an earlier
                        time due to flight changes or any other reasons,
                        kindly inform us. We are sure that you will find our
                        services satisfactory. In case you need to cancel
                        your reservation, please Reply or Call us within 24
                        hours before the day of the check-in. We look forward
                        to providing you quality services at our hotel.
                    </p>
                    <br/>
                    <strong>Kind Regards</strong>,
                    <br/>
                    <br/>
                    <strong>Reservations Team</strong>
                    <br/>
                    [<strong>${object.warehouse_id.name} Hotel</strong>]
                    <br/>
                    % if object.warehouse_id.partner_id.street:
                    <strong>${object.warehouse_id.partner_id.street}</strong>
                    <br/>
                    % endif
                    % if object.warehouse_id.partner_id.city:
                    <strong>${object.warehouse_id.partner_id.city}</strong>,
                    <br/>
                    % endif
                    % if object.warehouse_id.partner_id.country_id.name:
                    <strong>
                        ${object.warehouse_id.partner_id.country_id.name}</strong>
                    ,
                    <br/>
                    % endif
                    <br/>
                    % if object.warehouse_id.partner_id.website:
                    <strong>${object.warehouse_id.partner_id.website}</strong>
                    <br/>
                    % endif
                </p>
            </div>
        </field>
    </record>

    <!-- Email Template For Hotel Reservation Reminder Before 24 Hours -->
    <record id="mail_template_reservation_reminder_24hrs" model="mail.template">
        <field name="name">Reservation Reminder Before 24hrs</field>
        <field name="email_from">${object.warehouse_id.partner_id.email or ''}
        </field>
        <field name="subject">Hotel Reservation Reminder</field>
        <field name="partner_to">${object.partner_id.id or ''}</field>
        <field name="model_id" ref="hotel_reservation.model_hotel_reservation"/>
        <field name="auto_delete" eval="True"/>
        <field name="lang">${object.partner_id.lang}</field>
        <field name="user_signature" eval="False"/>
        <field name="body_html" type="html">
            <div style="margin: 0px; padding: 0px;">
                <p style="margin: 0px; padding: 0px; font-size: 13px;">
                    <p>
                        <left>Hello <strong>${object.partner_id.name}</strong>.
                        </left>
                    </p>
                    <p>
                        <left>Greetings from <strong>${object.warehouse_id.name}
                            Hotel</strong>.
                        </left>
                    </p>
                    <p>This email is for reminding you that the Reservation at
                        the <strong>${object.warehouse_id.name} Hotel</strong>.
                        % if object.warehouse_id.partner_id.city:
                        <strong>${object.warehouse_id.partner_id.city}</strong>,
                        % endif
                        % if object.warehouse_id.partner_id.country_id.name:
                        <strong>
                            ${object.warehouse_id.partner_id.country_id.name}</strong>
                        .
                        % endif
                        Your checkin has been confirmed on Date <strong>
                            ${object.date_order}</strong>.
                        Please find all the details regarding to the reservation
                        as listed below:
                    </p>
                    <br/>
                    <strong>Details :</strong>
                    <br/>
                    <p style="border-left: 1px solid #8e0000; margin-left: 30px;">
                        &amp;nbsp;&amp;nbsp;Name Of Guest :
                        <strong>${object.partner_id.name}</strong>
                        <br/>
                        &amp;nbsp;&amp;nbsp;Date Of Arrival :
                        <strong>${object.checkin}</strong>
                        <br/>
                        &amp;nbsp;&amp;nbsp;Date Of Departure :
                        <strong>${object.checkout}</strong>
                        <br/>
                        &amp;nbsp;&amp;nbsp;Reservation Number :
                        <strong>${object.reservation_no}</strong>
                        <br/>
                        &amp;nbsp;&amp;nbsp;Number Of Persons : <strong>
                        ${object.adults}
                    </strong> Adults and <strong>${object.children}</strong> Childrens
                        <br/>
                    </p>
                    &amp;nbsp;&amp;nbsp;
                    <strong>Rooms Rates Per Night :</strong>
                    <br/>
                    <br/>
                    <table border="1" cellpadding="4"
                           style="margin-left: 30px;">
                        <tr>
                            <th>Room No</th>
                            <th>Amount</th>
                        </tr>
                        %for line in object.reservation_line:
                        %for line2 in line.reserve:
                        <tr>
                            <td>${line2.product_id.name}</td>
                            <td>${line2.product_id.list_price}</td>
                        </tr>
                        %endfor
                        %endfor
                    </table>
                    <br/>
                    <p>We would appreciate it if you could let us know in case
                        there are any changes in your schedule or program.
                        Please inform us immediately, so that we can refund your
                        money according to Hotel policies.
                        We are sure that you will find our services
                        satisfactory. We look forward to providing you quality
                        services at our hotel.
                    </p>
                    <br/>
                    <strong>Best Regards</strong>,
                    <br/>
                    <br/>
                    <strong>Reservations Team</strong>
                    <br/>
                    [<strong>${object.warehouse_id.name} Hotel</strong>]
                    <br/>
                    % if object.warehouse_id.partner_id.street:
                    <strong>${object.warehouse_id.partner_id.street}</strong>
                    <br/>
                    % endif
                    % if object.warehouse_id.partner_id.city:
                    <strong>${object.warehouse_id.partner_id.city}</strong>,
                    <br/>
                    % endif
                    % if object.warehouse_id.partner_id.country_id.name:
                    <strong>
                        ${object.warehouse_id.partner_id.country_id.name}</strong>
                    ,
                    <br/>
                    % endif
                    <br/>
                    % if object.warehouse_id.partner_id.website:
                    <strong>${object.warehouse_id.partner_id.website}</strong>
                    <br/>
                    % endif
                </p>
            </div>
        </field>
    </record>

</odoo>
