<odoo>
    <!-- Scheduler For Hotel Room -->
    <record model="ir.cron" id="room_analytic_cron">
        <field name="name">Room Analysis</field>
        <field name="model_id" ref="model_hotel_room"/>
        <field name="code">model.cron_room_line()</field>
        <field name="interval_number">1</field>
        <field name="interval_type">minutes</field>
        <field name="numbercall">-1</field>
        <field name="doall" eval="False"/>
    </record>

    <!-- Scheduler For To Inform Guest About Reservation Before 24 Hours -->
    <record model="ir.cron" id="Guest_reservation_reminder_24hrs">
        <field name="name">Inform Guest About Reservation Before 24 Hours
        </field>
        <field name="model_id" ref="model_hotel_reservation"/>
        <field name="code">model.reservation_reminder_24hrs()</field>
        <field name="interval_number">1</field>
        <field name="interval_type">days</field>
        <field name="numbercall">-1</field>
        <field name="doall" eval="False"/>
    </record>
</odoo>
