<?xml version="1.0" encoding="utf-8"?>
<odoo>
    <data noupdate="1">

        <record id="account_cost_center_comp_rule" model="ir.rule">
            <field name="name">Cost center multi company rule</field>
            <field name="model_id" ref="account_cost_center.model_account_cost_center"/>
            <field name="global" eval="True"/>
            <field name="domain_force">['|',('company_id','=',False),('company_id','child_of',[user.company_id.id])]</field>
        </record>
    </data>

</odoo>
