<?xml version="1.0" encoding="utf-8"?>

<odoo>
        
        <record id="report_number_sequence_number" model="ir.sequence">
            <field name="name">daily Sequence</field>
            <field name="code">daily.sequence</field>
            <field name="prefix"></field>
            <field name="padding">1</field>
            <field name="number_next">1</field>
            <field name="number_increment">1</field>
        </record>
        <record id="saldo_sequence_number" model="ir.sequence">
            <field name="name">saldo Sequence</field>
            <field name="code">saldo.sequence</field>
            <field name="prefix">SALDO_INICIAL/</field>
            <field name="padding">3</field>
            <field name="number_next">1</field>
            <field name="number_increment">1</field>
        </record>

        
</odoo>