<?xml version="1.0"?>
<!-- Copyright 2016-2018 Tecnativa - Carlos Dauden
     License AGPL-3.0 or later (https://www.gnu.org/licenses/agpl). -->
<odoo noupdate="1">

    <record id="ir_cron_due_invoice_every_day" model="ir.cron">
        <field name="name">Financial risk: Process due invoices</field>
        <field name="model_id" ref="model_res_partner"/>
        <field name="state">code</field>
        <field name="code">model.process_unpaid_invoices()</field>
        <field name="user_id" ref="base.user_root" />
        <field name="interval_number">1</field>
        <field name="interval_type">days</field>
        <field name="numbercall">-1</field>
    </record>

</odoo>
