<?xml version='1.0' encoding='utf-8'?>
<odoo>
    <data noupdate="1">
        <record id="sequence_unfacturing" model="ir.sequence">
        <field name="name">Unfacturing</field>
        <field name="code">un.unfacturing</field>
        <field name="active">TRUE</field>
        <field name="prefix">INV</field>
        <field name="padding">6</field>
        <field name="number_next">1</field>
        <field name="number_increment">1</field>
        <field name="implementation">standard</field>
        </record>    
    </data>
</odoo>