<?xml version="1.0" encoding="utf-8"?>
<odoo>
    
        <record id="view_status_on_hand_quantity_ext_form" model="ir.ui.view">
           <!-- &lt;field name="name"&gt;product.onhand.update.inherit&lt;/field&gt; -->
		   <field name="name">product.stock.onhand.inherit.update</field>
            <field name="model">product.template</field>
            <field name="inherit_id" ref="stock.product_template_form_view_procurement_button"/>
            <field name="arch" type="xml">
                <xpath expr="//button[@name='action_update_quantity_on_hand']" position="attributes">
                    <attribute name="groups">update_quantity_on_hand.group_update_quantity_on_hand_security</attribute>
                </xpath>
            </field>
        </record>

    
 </odoo>
    
