<odoo>
    <data>
        <record id="l10n_co_cei.payment_mean_0" model="l10n_co_cei.payment_mean">
            <field name="nombre_tecnico_dian">Instrumento no definido</field>
            <field name="codigo_fe_dian">1</field>
        </record>
        <record id="l10n_co_cei.payment_mean_1" model="l10n_co_cei.payment_mean">
            <field name="nombre_tecnico_dian">Crédito ACH</field>
            <field name="codigo_fe_dian">2</field>
        </record>
        <record id="l10n_co_cei.payment_mean_2" model="l10n_co_cei.payment_mean">
            <field name="nombre_tecnico_dian">Débito ACH</field>
            <field name="codigo_fe_dian">3</field>
        </record>
        <record id="l10n_co_cei.payment_mean_3" model="l10n_co_cei.payment_mean">
            <field name="nombre_tecnico_dian">Reversión débito de demanda ACH</field>
            <field name="codigo_fe_dian">4</field>
        </record>
        <record id="l10n_co_cei.payment_mean_4" model="l10n_co_cei.payment_mean">
            <field name="nombre_tecnico_dian">Reversión crédito de demanda ACH</field>
            <field name="codigo_fe_dian">5</field>
        </record>
        <record id="l10n_co_cei.payment_mean_5" model="l10n_co_cei.payment_mean">
            <field name="nombre_tecnico_dian">Crédito de demanda ACH</field>
            <field name="codigo_fe_dian">6</field>
        </record>
        <record id="l10n_co_cei.payment_mean_6" model="l10n_co_cei.payment_mean">
            <field name="nombre_tecnico_dian">Débito de demanda ACH</field>
            <field name="codigo_fe_dian">7</field>
        </record>
        <record id="l10n_co_cei.payment_mean_7" model="l10n_co_cei.payment_mean">
            <field name="nombre_tecnico_dian">Mantener</field>
            <field name="codigo_fe_dian">8</field>
        </record>
        <record id="l10n_co_cei.payment_mean_8" model="l10n_co_cei.payment_mean">
            <field name="nombre_tecnico_dian">Clearing Nacional o Regional</field>
            <field name="codigo_fe_dian">9</field>
        </record>
        <record id="l10n_co_cei.payment_mean_9" model="l10n_co_cei.payment_mean">
            <field name="nombre_tecnico_dian">Efectivo</field>
            <field name="codigo_fe_dian">10</field>
        </record>
        <record id="l10n_co_cei.payment_mean_10" model="l10n_co_cei.payment_mean">
            <field name="nombre_tecnico_dian">Reversión Crédito Ahorro</field>
            <field name="codigo_fe_dian">11</field>
        </record>
        <record id="l10n_co_cei.payment_mean_11" model="l10n_co_cei.payment_mean">
            <field name="nombre_tecnico_dian">Reversión Débito Ahorro</field>
            <field name="codigo_fe_dian">12</field>
        </record>
        <record id="l10n_co_cei.payment_mean_12" model="l10n_co_cei.payment_mean">
            <field name="nombre_tecnico_dian">Crédito Ahorro</field>
            <field name="codigo_fe_dian">13</field>
        </record>
        <record id="l10n_co_cei.payment_mean_13" model="l10n_co_cei.payment_mean">
            <field name="nombre_tecnico_dian">Débito Ahorro</field>
            <field name="codigo_fe_dian">14</field>
        </record>
        <record id="l10n_co_cei.payment_mean_14" model="l10n_co_cei.payment_mean">
            <field name="nombre_tecnico_dian">Bookentry Crédito</field>
            <field name="codigo_fe_dian">15</field>
        </record>
        <record id="l10n_co_cei.payment_mean_15" model="l10n_co_cei.payment_mean">
            <field name="nombre_tecnico_dian">Bookentry Débito</field>
            <field name="codigo_fe_dian">16</field>
        </record>
        <record id="l10n_co_cei.payment_mean_16" model="l10n_co_cei.payment_mean">
            <field name="nombre_tecnico_dian">Concentración de la demanda en efectivo / Desembolso Crédito
                (CCD)
            </field>
            <field name="codigo_fe_dian">17</field>
        </record>
        <record id="l10n_co_cei.payment_mean_17" model="l10n_co_cei.payment_mean">
            <field name="nombre_tecnico_dian">Concentración de la demanda en efectivo / Desembolso (CCD) débito</field>
            <field name="codigo_fe_dian">18</field>
        </record>
        <record id="l10n_co_cei.payment_mean_18" model="l10n_co_cei.payment_mean">
            <field name="nombre_tecnico_dian">Crédito Pago negocio corporativo (CTP)</field>
            <field name="codigo_fe_dian">19</field>
        </record>
        <record id="l10n_co_cei.payment_mean_19" model="l10n_co_cei.payment_mean">
            <field name="nombre_tecnico_dian">Cheque</field>
            <field name="codigo_fe_dian">20</field>
        </record>
        <record id="l10n_co_cei.payment_mean_20" model="l10n_co_cei.payment_mean">
            <field name="nombre_tecnico_dian">Proyecto bancario</field>
            <field name="codigo_fe_dian">21</field>
        </record>
        <record id="l10n_co_cei.payment_mean_21" model="l10n_co_cei.payment_mean">
            <field name="nombre_tecnico_dian">Proyecto bancario certificado</field>
            <field name="codigo_fe_dian">22</field>
        </record>
        <record id="l10n_co_cei.payment_mean_22" model="l10n_co_cei.payment_mean">
            <field name="nombre_tecnico_dian">Cheque bancario</field>
            <field name="codigo_fe_dian">23</field>
        </record>
        <record id="l10n_co_cei.payment_mean_23" model="l10n_co_cei.payment_mean">
            <field name="nombre_tecnico_dian">Nota cambiaria esperando aceptación</field>
            <field name="codigo_fe_dian">24</field>
        </record>
        <record id="l10n_co_cei.payment_mean_24" model="l10n_co_cei.payment_mean">
            <field name="nombre_tecnico_dian">Cheque certificado</field>
            <field name="codigo_fe_dian">25</field>
        </record>
        <record id="l10n_co_cei.payment_mean_25" model="l10n_co_cei.payment_mean">
            <field name="nombre_tecnico_dian">Cheque Local</field>
            <field name="codigo_fe_dian">26</field>
        </record>
        <record id="l10n_co_cei.payment_mean_26" model="l10n_co_cei.payment_mean">
            <field name="nombre_tecnico_dian">Débito Pago Negocio Corporativo (CTP)</field>
            <field name="codigo_fe_dian">27</field>
        </record>
        <record id="l10n_co_cei.payment_mean_27" model="l10n_co_cei.payment_mean">
            <field name="nombre_tecnico_dian">Crédito Negocio Intercambio Corporativo (CTX)</field>
            <field name="codigo_fe_dian">28</field>
        </record>
        <record id="l10n_co_cei.payment_mean_28" model="l10n_co_cei.payment_mean">
            <field name="nombre_tecnico_dian">Débito Negocio Intercambio Corporativo (CTX)</field>
            <field name="codigo_fe_dian">29</field>
        </record>
        <record id="l10n_co_cei.payment_mean_29" model="l10n_co_cei.payment_mean">
            <field name="nombre_tecnico_dian">Transferencia Crédito</field>
            <field name="codigo_fe_dian">30</field>
        </record>
        <record id="l10n_co_cei.payment_mean_30" model="l10n_co_cei.payment_mean">
            <field name="nombre_tecnico_dian">Transferencia Débito</field>
            <field name="codigo_fe_dian">31</field>
        </record>
        <record id="l10n_co_cei.payment_mean_31" model="l10n_co_cei.payment_mean">
            <field name="nombre_tecnico_dian">Concentración Efectivo / Desembolso Crédito plus (CCD+)</field>
            <field name="codigo_fe_dian">32</field>
        </record>
        <record id="l10n_co_cei.payment_mean_32" model="l10n_co_cei.payment_mean">
            <field name="nombre_tecnico_dian">Concentración Efectivo / Desembolso Débito plus (CCD+)</field>
            <field name="codigo_fe_dian">33</field>
        </record>
        <record id="l10n_co_cei.payment_mean_33" model="l10n_co_cei.payment_mean">
            <field name="nombre_tecnico_dian">Pago y depósito pre acordado (PPD)</field>
            <field name="codigo_fe_dian">34</field>
        </record>
        <record id="l10n_co_cei.payment_mean_34" model="l10n_co_cei.payment_mean">
            <field name="nombre_tecnico_dian">Concentración efectivo ahorros / Desembolso Crédito (CCD)
            </field>
            <field name="codigo_fe_dian">35</field>
        </record>
        <record id="l10n_co_cei.payment_mean_35" model="l10n_co_cei.payment_mean">
            <field name="nombre_tecnico_dian">Concentración efectivo ahorros / Desembolso Débito (CCD)</field>
            <field name="codigo_fe_dian">36</field>
        </record>
        <record id="l10n_co_cei.payment_mean_36" model="l10n_co_cei.payment_mean">
            <field name="nombre_tecnico_dian">Pago Negocio Corporativo Ahorros Crédito (CTP)</field>
            <field name="codigo_fe_dian">37</field>
        </record>
        <record id="l10n_co_cei.payment_mean_37" model="l10n_co_cei.payment_mean">
            <field name="nombre_tecnico_dian">Pago Neogcio Corporativo Ahorros Débito (CTP)</field>
            <field name="codigo_fe_dian">38</field>
        </record>
        <record id="l10n_co_cei.payment_mean_38" model="l10n_co_cei.payment_mean">
            <field name="nombre_tecnico_dian">Crédito Negocio Intercambio Corporativo (CTX)</field>
            <field name="codigo_fe_dian">39</field>
        </record>
        <record id="l10n_co_cei.payment_mean_39" model="l10n_co_cei.payment_mean">
            <field name="nombre_tecnico_dian">Crédito Negocio Intercambio Corporativo (CTX)</field>
            <field name="codigo_fe_dian">40</field>
        </record>
        <record id="l10n_co_cei.payment_mean_40" model="l10n_co_cei.payment_mean">
            <field name="nombre_tecnico_dian">Concentración efectivo/Desembolso Crédito plus (CCD+)</field>
            <field name="codigo_fe_dian">41</field>
        </record>
        <record id="l10n_co_cei.payment_mean_41" model="l10n_co_cei.payment_mean">
            <field name="nombre_tecnico_dian">Consignación bancaria</field>
            <field name="codigo_fe_dian">42</field>
        </record>
        <record id="l10n_co_cei.payment_mean_42" model="l10n_co_cei.payment_mean">
            <field name="nombre_tecnico_dian">Concentración efectivo / Desembolso Débito plus (CCD+)</field>
            <field name="codigo_fe_dian">43</field>
        </record>
        <record id="l10n_co_cei.payment_mean_43" model="l10n_co_cei.payment_mean">
            <field name="nombre_tecnico_dian">Nota cambiaria</field>
            <field name="codigo_fe_dian">44</field>
        </record>
        <record id="l10n_co_cei.payment_mean_44" model="l10n_co_cei.payment_mean">
            <field name="nombre_tecnico_dian">Transferencia Crédito Bancario</field>
            <field name="codigo_fe_dian">45</field>
        </record>
        <record id="l10n_co_cei.payment_mean_45" model="l10n_co_cei.payment_mean">
            <field name="nombre_tecnico_dian">Transferencia Débito Interbancario</field>
            <field name="codigo_fe_dian">46</field>
        </record>
        <record id="l10n_co_cei.payment_mean_46" model="l10n_co_cei.payment_mean">
            <field name="nombre_tecnico_dian">Transferencia Débito Bancaria</field>
            <field name="codigo_fe_dian">47</field>
        </record>
        <record id="l10n_co_cei.payment_mean_47" model="l10n_co_cei.payment_mean">
            <field name="nombre_tecnico_dian">Tarjeta Crédito</field>
            <field name="codigo_fe_dian">48</field>
        </record>
        <record id="l10n_co_cei.payment_mean_48" model="l10n_co_cei.payment_mean">
            <field name="nombre_tecnico_dian">Tarjeta Débito</field>
            <field name="codigo_fe_dian">49</field>
        </record>
        <record id="l10n_co_cei.payment_mean_49" model="l10n_co_cei.payment_mean">
            <field name="nombre_tecnico_dian">Postgiro</field>
            <field name="codigo_fe_dian">50</field>
        </record>
        <record id="l10n_co_cei.payment_mean_50" model="l10n_co_cei.payment_mean">
            <field name="nombre_tecnico_dian">Telex estándar bancario francés</field>
            <field name="codigo_fe_dian">51</field>
        </record>
        <record id="l10n_co_cei.payment_mean_51" model="l10n_co_cei.payment_mean">
            <field name="nombre_tecnico_dian">Pago comercial urgente</field>
            <field name="codigo_fe_dian">52</field>
        </record>
        <record id="l10n_co_cei.payment_mean_52" model="l10n_co_cei.payment_mean">
            <field name="nombre_tecnico_dian">Pago Tesorería Urgente</field>
            <field name="codigo_fe_dian">53</field>
        </record>
        <record id="l10n_co_cei.payment_mean_53" model="l10n_co_cei.payment_mean">
            <field name="nombre_tecnico_dian">Nota promisoria</field>
            <field name="codigo_fe_dian">60</field>
        </record>
        <record id="l10n_co_cei.payment_mean_54" model="l10n_co_cei.payment_mean">
            <field name="nombre_tecnico_dian">Nota promisoria firmada por el acreedor</field>
            <field name="codigo_fe_dian">61</field>
        </record>
        <record id="l10n_co_cei.payment_mean_55" model="l10n_co_cei.payment_mean">
            <field name="nombre_tecnico_dian">Nota promisoria firmada por el acreedor, avalada por el banco</field>
            <field name="codigo_fe_dian">62</field>
        </record>
        <record id="l10n_co_cei.payment_mean_56" model="l10n_co_cei.payment_mean">
            <field name="nombre_tecnico_dian">Nota promisoria firmada por el acreedor, avalada por un tercero</field>
            <field name="codigo_fe_dian">63</field>
        </record>
        <record id="l10n_co_cei.payment_mean_57" model="l10n_co_cei.payment_mean">
            <field name="nombre_tecnico_dian">Nota promisoria firmada pro el banco</field>
            <field name="codigo_fe_dian">64</field>
        </record>
        <record id="l10n_co_cei.payment_mean_58" model="l10n_co_cei.payment_mean">
            <field name="nombre_tecnico_dian">Nota promisoria firmada por un banco avalada por otro banco</field>
            <field name="codigo_fe_dian">65</field>
        </record>
        <record id="l10n_co_cei.payment_mean_59" model="l10n_co_cei.payment_mean">
            <field name="nombre_tecnico_dian">Nota promisoria firmada</field>
            <field name="codigo_fe_dian">66</field>
        </record>
        <record id="l10n_co_cei.payment_mean_60" model="l10n_co_cei.payment_mean">
            <field name="nombre_tecnico_dian">Nota promisoria firmada por un tercero avalada por un banco</field>
            <field name="codigo_fe_dian">67</field>
        </record>
        <record id="l10n_co_cei.payment_mean_61" model="l10n_co_cei.payment_mean">
            <field name="nombre_tecnico_dian">Retiro de nota por el por el acreedor</field>
            <field name="codigo_fe_dian">70</field>
        </record>
        <record id="l10n_co_cei.payment_mean_62" model="l10n_co_cei.payment_mean">
            <field name="nombre_tecnico_dian">Retiro de nota por el por el acreedor sobre un banco</field>
            <field name="codigo_fe_dian">74</field>
        </record>
        <record id="l10n_co_cei.payment_mean_63" model="l10n_co_cei.payment_mean">
            <field name="nombre_tecnico_dian">Retiro de nota por el acreedor, avalada por otro banco</field>
            <field name="codigo_fe_dian">75</field>
        </record>
        <record id="l10n_co_cei.payment_mean_64" model="l10n_co_cei.payment_mean">
            <field name="nombre_tecnico_dian">Retiro de nota por el acreedor, sobre un banco avalada por un tercero
            </field>
            <field name="codigo_fe_dian">76</field>
        </record>
        <record id="l10n_co_cei.payment_mean_65" model="l10n_co_cei.payment_mean">
            <field name="nombre_tecnico_dian">Retiro de una nota por el acreedor sobre un tercero</field>
            <field name="codigo_fe_dian">77</field>
        </record>
        <record id="l10n_co_cei.payment_mean_66" model="l10n_co_cei.payment_mean">
            <field name="nombre_tecnico_dian">Retiro de una nota por el acreedor sobre un tercero avalada por un banco
            </field>
            <field name="codigo_fe_dian">78</field>
        </record>
        <record id="l10n_co_cei.payment_mean_67" model="l10n_co_cei.payment_mean">
            <field name="nombre_tecnico_dian">Nota bancaria transferible</field>
            <field name="codigo_fe_dian">91</field>
        </record>
        <record id="l10n_co_cei.payment_mean_68" model="l10n_co_cei.payment_mean">
            <field name="nombre_tecnico_dian">Cheque local transferible</field>
            <field name="codigo_fe_dian">92</field>
        </record>
        <record id="l10n_co_cei.payment_mean_69" model="l10n_co_cei.payment_mean">
            <field name="nombre_tecnico_dian">Giro referenciado</field>
            <field name="codigo_fe_dian">93</field>
        </record>
        <record id="l10n_co_cei.payment_mean_70" model="l10n_co_cei.payment_mean">
            <field name="nombre_tecnico_dian">Giro urgente</field>
            <field name="codigo_fe_dian">94</field>
        </record>
        <record id="l10n_co_cei.payment_mean_71" model="l10n_co_cei.payment_mean">
            <field name="nombre_tecnico_dian">Giro formato abierto</field>
            <field name="codigo_fe_dian">95</field>
        </record>
        <record id="l10n_co_cei.payment_mean_72" model="l10n_co_cei.payment_mean">
            <field name="nombre_tecnico_dian">Método de pago solicitado no usado</field>
            <field name="codigo_fe_dian">96</field>
        </record>
        <record id="l10n_co_cei.payment_mean_73" model="l10n_co_cei.payment_mean">
            <field name="nombre_tecnico_dian">Clearing entre partners</field>
            <field name="codigo_fe_dian">97</field>
        </record>
        <record id="l10n_co_cei.payment_mean_74" model="l10n_co_cei.payment_mean">
            <field name="nombre_tecnico_dian">Acuerdo mutuo</field>
            <field name="codigo_fe_dian">ZZZ</field>
        </record>
    </data>
</odoo>