<odoo>
    <data noupdate="1">
        <record id="l10n_co_cei.dian_webservice_url" model="ir.config_parameter">
            <field name="key">dian.webservice.url</field>
            <field name="value">https://vpfe.dian.gov.co/WcfDianCustomerServices.svc</field>
        </record>
    </data>
    <data noupdate="1">
        <record id="l10n_co_cei.dian_webservice_url_pruebas" model="ir.config_parameter">
            <field name="key">dian.webservice.url.pruebas</field>
            <field name="value">https://vpfe-hab.dian.gov.co/WcfDianCustomerServices.svc</field>
        </record>
    </data>
    <data noupdate="1">
        <record id="l10n_co_cei.email_button_url" model="ir.config_parameter">
            <field name="key">email.button.url</field>
            <field name="value"> </field>
        </record>
    </data>
<!--    <data noupdate="1">-->
<!--        <record id="l10n_co_cei.web.base.url.freeze" model="ir.config_parameter">-->
<!--            <field name="key">web.base.url.freeze</field>-->
<!--            <field name="value">True</field>-->
<!--        </record>-->
<!--    </data>-->
</odoo>