<odoo>
    <data noupdate="0">
        <record id="l10n_co_cei.facturacion_template_validacion" model="mail.template">
            <field name="name">Validacion Factura Subida</field>
            <field name="use_default_to" eval="False"/>
            <field name="subject">Validador de Facturas - error en la validacion</field>
            <field name="model_id" ref="account.model_account_move"/>
            <field name="report_name">${object.filename}</field>
            <field name="auto_delete" eval="False"/>
            <field name="body_html"><![CDATA[]]></field>
        </record>
    </data>
</odoo>