<odoo>
    <data noupdate="0">
        <record id="l10n_co_cei.paper_invoice" model="report.paperformat">
            <field name="name">Facturación Electrónica</field>
            <field name="format">Letter</field>
            <field name="orientation">Portrait</field>
            <field name="margin_top">40.00</field>
            <field name="margin_bottom">23.00</field>
            <field name="margin_left">7.00</field>
            <field name="margin_right">7.00</field>
            <field name="header_line">0</field>
            <field name="header_spacing">35</field>
            <field name="dpi">90</field>
        </record>
    </data>
</odoo>