<odoo>
    <data noupdate="1" >
        <record model="ir.rule" id="regla_registro_fe_enviada">
            <field name="name">Fe Invoice multi-company</field>
            <field name="model_id" ref="model_l10n_co_cei_envio_fe"/>
            <field eval="True" name="active"/>
            <field name="domain_force">['|',('company_id','=',False),('company_id','child_of',[user.company_id.id])]</field>
            <field eval="True" name="perm_read"/>
            <field eval="True" name="perm_write"/>
            <field eval="True" name="perm_create"/>
            <field eval="True" name="perm_unlink"/>
            <field eval="True" name="global"/>
        </record>
    </data>
</odoo>