<?xml version="1.0" encoding="utf-8"?>
<odoo>


    <data noupdate="1">
        <record id="email_template_edi_invoices" model="mail.template">
            <field name="name">Invoice: Send by email to partner</field>
            <field name="email_from">${(user.email and '%s &lt;%s&gt;' % (user.name,user.email) or '')|safe}</field>
            <field name="subject">Invoice Payment Reminder</field>
            <field name="partner_to">${object.partner_id.id}</field>
            <field name="model_id" ref="account.model_account_invoice"/>
            <field name="auto_delete" eval="True"/>
            <field name="report_template" ref="account.account_invoices"/>
            <field name="report_name">send_mail</field>
            <field name="body_html" type="html">
                <div>
                    <p>Dear ${object.partner_id.name},</p>
                    <p>Herewith, I attached the Invoice report, Please pay the invoice.</p>
                    <p>Thank you</p>
                </div>
            </field>
        </record>
    </data>

    
</odoo>
