<odoo>
  <record id="model_access_unfacturing" model="ir.model.access">
        <field name="name">model.access.unfacturing</field>
        <field name="model_id" ref="unfacturing.model_un_unfacturing"/>
        <field name="group_id" ref="base.group_system"/>
        <field name="perm_create" eval="1"/>
        <field name="perm_write" eval="1"/>
        <field name="perm_unlink" eval="1"/>
        <field name="perm_read" eval="1"/>
  </record>
  <record id="model_access_unfacturing_line" model="ir.model.access">
        <field name="name">model.access.unfacturing_line</field>
        <field name="model_id" ref="unfacturing.model_unfacturing_line"/>
        <field name="group_id" ref="base.group_system"/>
        <field name="perm_create" eval="1"/>
        <field name="perm_write" eval="1"/>
        <field name="perm_unlink" eval="1"/>
        <field name="perm_read" eval="1"/>
  </record>
  <record id="model_access_unfacturing_payments" model="ir.model.access">
        <field name="name">model.access.unfacturing_payments</field>
        <field name="model_id" ref="unfacturing.model_unfacturing_payments"/>
        <field name="group_id" ref="base.group_system"/>
        <field name="perm_create" eval="1"/>
        <field name="perm_write" eval="1"/>
        <field name="perm_unlink" eval="1"/>
        <field name="perm_read" eval="1"/>
  </record>
</odoo>