<?xml version="1.0" encoding="UTF-8"?>
<templates id="template" extend_id="point_of_sale.template">

    <!-- for Product screen/POS Home screen layout -->
    <t t-extend="ProductScreenWidget">
        <t t-jquery=".product-screen" t-operation="replace">
            <div class="product-screen screen">
                <div class="leftpane">
                    <div class='window'>
                        <div class='subwindow'>
                            <div class='subwindow-container'>
                                <div class='subwindow-container-fix'>
                                    <div class="placeholder-OrderWidget"></div>
                                </div>
                            </div>
                        </div>
                    </div>
                </div>
                <div class="middlepane">
                    <div class="window">
                        <div class='subwindow collapsed'>
                            <div class='subwindow-container'>
                                <div class='subwindow-container-fix pads'>
                                    <div class="control-buttons oe_hidden"></div>
                                    <div class="placeholder-ActionpadWidget"></div>
                                    <div class="placeholder-NumpadWidget"></div>
                                </div>
                            </div>
                        </div>
                    </div>
                </div>
                <div class="rightpane">
                    <table class="layout-table">

                        <tr class="header-row">
                            <td class="header-cell" colspan="2">
                                <span class="placeholder-ProductCategoriesWidget" />
                            </td>
                        </tr>

                        <tr class="content-row">
                            <td class="content-cell">
                                <div class="content-container">
                                    <span class="placeholder-ProductListWidget" />
                                </div>
                            </td>
                        </tr>

                    </table>
                </div>
            </div>
        </t>
    </t>

    <!-- for Product screen search input form customization -->
    <t t-extend="ProductCategoriesWidget">
        <t t-jquery="div" t-operation="replace">
            <header class='rightpane-header'>
                <div class="searchbox">
                    <input type="text" class="search-input" placeholder="Search Products (S)" autofocus="true"/>
                    <span class="search-clear"/>
                </div>
            </header>
        </t>
    </t>


    <t t-extend="ActionpadWidget">
        <t t-jquery=".set-customer" t-operation="append">
            (C)
        </t>
        <t t-jquery=".pay" t-operation="append">
            <br/>(Spacebar)
        </t>
    </t>


    <t t-extend="NumpadWidget">
        <t t-jquery="button[data-mode='quantity']" t-operation="replace">
            <button class="mode-button" data-mode='quantity'><span style="text-decoration:underline;">Q</span>ty</button>
        </t>
        <t t-jquery="button[data-mode='discount']" t-operation="replace">
            <button class="mode-button" data-mode='discount'><span style="text-decoration:underline;">D</span>isc</button>
        </t>
        <t t-jquery="button[data-mode='price']" t-operation="replace">
            <button class="mode-button" data-mode='price'><span style="text-decoration:underline;">P</span>rice</button>
        </t>
    </t>

<!--
td[t-att-data-field='column.id']
    <t t-extend="ActionpadWidget">
        <t t-jquery=".actionpad" t-operation="replace">
            <button t-attf-class='button set-customer #{ ( widget.pos.get_client() and widget.pos.get_client().name.length > 10) ? "decentered" : "" }'>
                <i class='fa fa-user' role="img" aria-label="Customer" title="Customer"/>
                <t t-if="widget.pos.get_client()">
                    <t t-esc="widget.pos.get_client().name"/>
                </t>
                <t t-if="!widget.pos.get_client()">
                    Customer (C)
                </t>
            </button>
            <button class='button pay'>
                <div class='pay-circle'>
                    <i class='fa fa-chevron-right' role="img" aria-label="Pay" title="Pay"/>
                </div>
                Payment (Spacebar)
            </button>
        </t>
    </t>
-->


    <!-- customize single product layout in product list -->
    <t t-extend="Product">
        <t t-jquery="article.product" t-operation="replace">
            <article class='product' t-att-data-product-id="product.id" tabindex="0" t-attf-aria-labelledby="article_product_#{product.id}">
                <div class="product-img">
                    <img t-att-src='image_url' alt="Product image"/>
                    <t t-if="!product.to_weight">
                        <span class="price-tag">
                            <t t-esc="widget.format_currency(product.get_price(pricelist, 1),'Product Price')"/>
                        </span>
                    </t>
                    <t t-if="product.to_weight">
                        <span class="price-tag">
                            <t t-esc="widget.format_currency(product.get_price(pricelist, 1),'Product Price')+'/'+widget.pos.units_by_id[product.uom_id[0]].name"/>
                        </span>
                    </t>
                    <span t-attf-class="qty-tag #{product.qty_available lte 0 ? 'qty-tag-negative':'qty-tag-positive'}">
                        <t t-esc="product.qty_available"/>
                    </span>
<!--                    <t t-if="(product.virtual_available * 1) &gt; 0">-->
<!--                        <span class="qty-tag-positive">-->
<!--                            <t t-esc="product.virtual_available"/>-->
<!--                        </span>-->
<!--                    </t>-->
<!--                    <t t-else="">-->
<!--                        <span class="qty-tag-negative">-->
<!--                            <t t-esc="product.virtual_available"/>-->
<!--                        </span>-->
<!--                    </t>-->
                </div>
                <div class="product-name" t-attf-id="article_product_#{product.id}">
                    <t t-esc="product.display_name"/>
                </div>
            </article>
        </t>
    </t>


    <!-- for order line note -->
    <t t-extend="Orderline">
        <t t-jquery=".info-list" t-operation="append">
            <t t-if="line.get_note()">
                <li class="info cp-orderline-note">
                    <div class="cp-orderline-note-contant">
                        <i class='fa fa-tag' role="img" aria-label="Note" title="Note"/><t t-esc="line.get_note()" />
                    </div>
                </li>
            </t>
        </t>
    </t>

    <t t-name="CPOrderlineNoteButton">
        <div class='control-button' id="order_line_note">
            <i class='fa fa-tag' /> Order <span style="text-decoration:underline;">L</span>ine Note
        </div>
    </t>


    <!-- for order note -->
    <t t-extend="OrderWidget">
        <t t-jquery="div.order" t-operation="after">
            <li class="cp-order-note oe_hidden"></li>
        </t>
    </t>

    <t t-name="CPOrderNote">
        <li class="cp-order-note">
            <h3><i class='fa fa-tag' role="img" aria-label="Note" title="Note"/> Order Note:</h3>
            <t t-esc="note" />
        </li>
    </t>

    <t t-name="CPOrderNoteButton">
        <div class='control-button' id="order_note">
            <i class='fa fa-tag' /> Order <span style="text-decoration:underline;">N</span>ote
        </div>
    </t>


    <!-- for keyboard shortcut help button and details -->
    <t t-extend="NumpadWidget">
		<t t-jquery=".numpad" t-operation="after">
			<span class="control-button" id="shortcut_tips_btn" style="width: 384px;margin-right: 5px;margin-top: -8px;">
				<i class='fa fa-info-circle' style="font-size:24px;"/> Shortcut Tips (F2)
			</span>
		</t>
	</t>

    <t t-name="ShortcutTipsWidget">
        <div role="dialog" class="modal-dialog modal-dialog-shortcut-tips">
            <div class="popup popup-shortcut-tips" style="width:40%;height: 70%;">
                <header class="title">Shortcut Tips</header>
                <div class="body" style="height:75%;overflow-y:scroll;">
                    <h3>Important Instruction (must read):</h3>
                    <div style="width:100%;text-align:left;">
                        <ul>
                            <li style="font-size:16px;color:red;">Cursor will be default focused on product search panel when POS Home Screen (Product Screen) will be opened. In this time keyboard shortcut keys won't work except <b>"Tab"</b> and <b>"F2"</b> shortcut buttons. Now, search product and press <b>"Tab"</b> button to switch focus on product selection. Then all keyboard shortcut keys will work.</li>
                            <li style="font-size:16px;color:red;">Press <b>"F2"</b> button to get shortcut help.</li>
                        </ul>
                    </div>
                    <h3>Product/Home Screen</h3>
                    <table class="shortcut-tips-table">
                        <tr width="50%">
                            <th>Shortcut Key</th><th>Action Description</th>
                        </tr>
                        <tr><td width="25%">F2</td><td width="75%">Sortcut Tips</td></tr>
                        <tr><td>S</td><td>Product search field focus and product search</td></tr>
                        <tr><td>Esc</td><td>Clear search field if product search field is focused</td></tr>
                        <tr><td>Tab</td><td>Switch focus product search panel to individual product and one to another product</td></tr>
                        <tr><td>Q</td><td>Numeric pad "Qty" button select to change product line quantity</td></tr>
                        <tr><td>D</td><td>Numeric pad "Disc" button select to change product line discount</td></tr>
                        <tr><td>P</td><td>Numeric pad "Price" button select to change product line price</td></tr>
                        <tr><td>Backspace</td><td>Delete last number for "Qty", "Disc" and "Price"</td></tr>
                        <tr><td>0-9 (Numpad)</td><td>Change number for "Qty", "Disc" and "Price"</td></tr>
                        <tr><td>- (Numpad)</td><td>Switch number to negetive or positive</td></tr>
                        <tr><td>. (Numpad)</td><td>Point for numbers</td></tr>
                        <tr><td>R</td><td>Redeem points adjust screen</td></tr>
                        <tr><td>N</td><td>Add order note popup</td></tr>
                        <tr><td>L</td><td>Add order line note for select product in cart popup</td></tr>
                        <tr><td>O</td><td>Previously all orders list</td></tr>
                        <tr><td>C</td><td>Open customer screen</td></tr>
                        <tr><td>Spacebar</td><td>Open payment screen</td></tr>
                        <tr><td>Delete</td><td>Delete selected order line from cart</td></tr>
                        <tr><td>Arrow Up</td><td>Change selection of cart order line to up direction</td></tr>
                        <tr><td>Arrow Down</td><td>Change selection of cart order line to down direction</td></tr>
                    </table>

                    <h3 style="margin-top:40px;">Customer Screen</h3>
                    <table class="shortcut-tips-table">
                        <tr width="50%">
                            <th>Shortcut Key</th><th>Action Description</th>
                        </tr>
                        <tr><td width="25%">Esc</td><td width="75%">Cancel edit/add panel and Back to previous screen (2 operations could be done)</td></tr>
                        <tr><td>S</td><td>Customer search</td></tr>
                        <tr><td>O</td><td>All orders for selected customer</td></tr>
                        <tr><td>E</td><td>Edit selected customer's information</td></tr>
                        <tr><td>+ (Numpad)</td><td>Open new customer add form</td></tr>
                        <tr><td>Arrow Up</td><td>Change selection of customer to up direction</td></tr>
                        <tr><td>Arrow Down</td><td>Change selection of customer to down direction</td></tr>
                        <tr><td>Enter</td><td>Save edit/add panel and Set selected customer (2 operations could be done)</td></tr>
                    </table>

                    <h3 style="margin-top:40px;">Payment Screen</h3>
                    <table class="shortcut-tips-table">
                        <tr width="50%">
                            <th>Shortcut Key</th><th>Action Description</th>
                        </tr>
                        <tr><td width="25%">Esc</td><td width="75%">Back to previous screen</td></tr>
                        <tr><td>C</td><td>Open customer screen</td></tr>
                        <tr><td>I</td><td>Select invoice to print invoice on receipt screen</td></tr>
                        <tr><td>Page Up</td><td>Change payment method selection to up direction</td></tr>
                        <tr><td>Page Down</td><td>Change payment method selection to down direction</td></tr>
                        <tr><td>Enter</td><td>Choose selected payment method and Confirm Payment (2 operations could be done)</td></tr>
                        <tr><td>Arrow Up</td><td>Change payment line selection to up direction</td></tr>
                        <tr><td>Arrow Down</td><td>Change payment line selection to down direction</td></tr>
                        <tr><td>Delete</td><td>Delete selected payment line</td></tr>
                    </table>

                    <h3 style="margin-top:40px;">Receipt Screen</h3>
                    <table class="shortcut-tips-table">
                        <tr width="50%">
                            <th>Shortcut Key</th><th>Action Description</th>
                        </tr>
                        <tr><td width="25%">I</td><td width="75%">Print customer invoice receipt</td></tr>
                        <tr><td>P</td><td>Print POS receipt</td></tr>
                        <tr><td>Enter</td><td>Back to Home/POS screen</td></tr>
                    </table>

                    <h3 style="margin-top:40px;">All POS Order Screen</h3>
                    <table class="shortcut-tips-table">
                        <tr width="50%">
                            <th>Shortcut Key</th><th>Action Description</th>
                        </tr>
                        <tr><td width="25%">Esc</td><td width="75%">Back to previous screen</td></tr>
                        <tr><td>S</td><td>Customer search</td></tr>
                        <tr><td>Arrow Up</td><td>Change order line selection to up direction</td></tr>
                        <tr><td>Arrow Down</td><td>Change order line selection to down direction</td></tr>
                        <tr><td>Enter</td><td>Go to selected order receipt reprint screen</td></tr>
                    </table>

                    <h3 style="margin-top:40px;">Order Receipt Reprint Screen</h3>
                    <table class="shortcut-tips-table">
                        <tr width="50%">
                            <th>Shortcut Key</th><th>Action Description</th>
                        </tr>
                        <tr><td width="25%">Esc</td><td width="75%">Back to previous screen</td></tr>
                        <tr><td>P</td><td>Print receipt</td></tr>
                    </table>

                    <h3 style="margin-top:40px;">Shortcut Tips and other Modal</h3>
                    <table class="shortcut-tips-table">
                        <tr width="50%">
                            <th>Shortcut Key</th><th>Action Description</th>
                        </tr>
                        <tr><td width="25%">Esc</td><td width="75%">Close popup modal</td></tr>
                        <tr><td>Enter</td><td>To confirm in popup modal</td></tr>
                        <tr><td>Ctrl + Enter</td><td>Newline in textarea in popup modal</td></tr>
                    </table>
                </div>
                <footer class="footer">
                    <div class="button cancel">
                        Cancel
                    </div>
                </footer>
            </div>
       </div>
    </t>

    <!-- for pos receipt layout -->
    <t t-extend="PosTicket">
        <t t-jquery="div.pos-sale-ticket" t-operation="replace">
            <div class="pos-sale-ticket">

                <div class="pos-center-align">
                    <t t-esc="order.formatted_validation_date"/>
                </div>
                <div class="pos-center-align" style="padding:3px 0;font-weight:bold;text-decoration:underline;"><t t-esc="order.name"/><!--<t t-esc="receipt.pos_ref" />--></div>
                <div class="pos-center-align emph"><t t-esc="widget.pos.company.name" /></div>
                <t t-if="order.get_client()">
                    <div class="pos-left-align" style="padding-top:15px;">Customer: <t t-esc="order.get_client().name" /><t t-if="order.get_client().phone"> (<t t-esc="order.get_client().phone" />)</t></div>
                    <div class="pos-left-align">Reedem Points: <t t-esc="order.get_client().loyalty_points" /></div><br/>
                </t>
                <t t-if="receipt.header">
                    <div style='text-align:center'>
                        <t t-esc="receipt.header" />
                    </div>
                    <br />
                </t>
                <table class='receipt-orderlines'>
                    <colgroup>
                        <col width='50%' />
                        <col width='25%' />
                        <col width='25%' />
                    </colgroup>
                    <tr t-foreach="orderlines" t-as="orderline">
                        <td>
                            <t t-esc="orderline.get_product().display_name"/>
                             <t t-if="orderline.get_discount() > 0">
                                <div class="pos-disc-font">
                                    With a <t t-esc="orderline.get_discount()"/>% discount
                                </div>
                            </t>
                            <t t-if="orderline.get_note()">
                                <div class="pos-disc-font"><t t-esc="orderline.get_note()"/></div>
                            </t>
                        </td>
                        <td class="pos-right-align">
                            <t t-esc="orderline.get_quantity_str_with_unit()"/>
                        </td>
                        <td class="pos-right-align">
                            <t t-esc="widget.format_currency(orderline.get_display_price())"/>
                        </td>
                    </tr>
                </table>
                <table class='receipt-total'>
                    <tr>
                        <td>Subtotal:</td>
                        <td class="pos-right-align">
                            <t t-esc="widget.format_currency(order.get_total_without_tax())"/>
                        </td>
                    </tr>
                    <t t-foreach="order.get_tax_details()" t-as="taxdetail">
                        <tr>
                            <td><t t-esc="taxdetail.name" /></td>
                            <td class="pos-right-align">
                                <t t-esc="widget.format_currency(taxdetail.amount)" />
                            </td>
                        </tr>
                    </t>
                    <t t-if="order.get_total_discount() > 0">
                    <tr>
                        <td>Discount:</td>
                        <td class="pos-right-align">
                            <t t-esc="widget.format_currency(order.get_total_discount())"/>
                        </td>
                    </tr>
                    </t>
                    <tr class="emph">
                        <td>Total:</td>
                        <td class="pos-right-align">
                            <t t-esc="widget.format_currency(order.get_total_with_tax())"/>
                        </td>
                    </tr>
                </table>
                <table class='receipt-paymentlines'>
                    <t t-foreach="paymentlines" t-as="line">
                      <tr>
                          <td>
                              <t t-esc="line.name"/>
                          </td>
                          <td class="pos-right-align">
                              <t t-esc="widget.format_currency(line.get_amount())"/>
                          </td>
                      </tr>
                    </t>
                </table>
                <table class='receipt-change'>
                    <tr><td>Change:</td><td class="pos-right-align">
                        <t t-esc="widget.format_currency(order.get_change())"/>
                        </td>
                    </tr>
                </table>

                <t t-if="order.get_note()">
                    <div class="pos-center-align" style="margin-bottom:10px;font-size:17px;"><t t-esc="order.get_note()"/></div>
                </t>

                <div class="pos-left-align" style="padding-top:15px;">Cashier: <t t-esc="widget.pos.get_cashier() ? widget.pos.get_cashier().name : widget.pos.user.name" /> (<t t-esc="widget.pos.company.phone || ''" />)</div><br/>

                <t t-if="receipt.footer">
                    <br />
                    <div style='text-align:center'>
                        <t t-esc="receipt.footer" />
                    </div>
                </t>
            </div>
        </t>
    </t>

    <t t-extend="XmlReceipt">
        <t t-jquery="receipt" t-operation="replace">
            <receipt align='center' width='40' value-thousands-separator='' >
                <t t-esc='receipt.date.localestring' />
                <t t-esc='receipt.name' />
                <t t-if='receipt.company.logo'>
                    <img t-att-src='receipt.company.logo' alt="Logo"/>
                    <br/>
                </t>
                <t t-if='!receipt.company.logo'>
                    <h1><t t-esc='receipt.company.name' /></h1>
                    <br/>
                </t>
                <t t-if="widget.pos.get_client()">
                    <div>
                        <left>
                            <div>Customer: <t t-esc="widget.pos.get_client().name" /> <t t-if="widget.pos.get_client().phone"> (<t t-esc="widget.pos.get_client().phone"/>)</t></div>
                            <div>Redeem Points: <t t-esc="order.get_client().loyalty_points" /></div>
                        </left>
                    </div><br/>
                </t>
                <div font='b'>
<!--
                    <t t-if='receipt.company.contact_address'>
                        <div><t t-esc='receipt.company.contact_address' /></div>
                    </t>
                    <t t-if='receipt.company.phone'>
                        <div>Tel:<t t-esc='receipt.company.phone' /></div>
                    </t>
                    <t t-if='receipt.company.vat'>
                        <div>VAT:<t t-esc='receipt.company.vat' /></div>
                    </t>
                    <t t-if='receipt.company.email'>
                        <div><t t-esc='receipt.company.email' /></div>
                    </t>
                    <t t-if='receipt.company.website'>
                        <div><t t-esc='receipt.company.website' /></div>
                    </t>
-->
                    <t t-if='receipt.header_xml'>
                        <t t-raw='receipt.header_xml' />
                    </t>
                    <t t-if='!receipt.header_xml and receipt.header'>
                        <div><t t-esc='receipt.header' /></div>
                    </t>
<!--
                    <t t-if='receipt.cashier'>
                        <div class='cashier'>
                            <div>&#45;&#45;&#45;&#45;&#45;&#45;&#45;&#45;&#45;&#45;&#45;&#45;&#45;&#45;&#45;&#45;&#45;&#45;&#45;&#45;&#45;&#45;&#45;&#45;&#45;&#45;&#45;&#45;&#45;&#45;&#45;&#45;</div>
                            <div>Served by <t t-esc='receipt.cashier' /></div>
                        </div>
                    </t>
-->
                </div>
                <br /><br />

                <!-- Orderlines -->

                <div class='orderlines' line-ratio='0.6'>
                    <t t-foreach='receipt.orderlines' t-as='line'>
                        <t t-set='simple' t-value='line.discount === 0 and line.unit_name === "Unit(s)" and line.quantity === 1' />
                        <t t-if='simple'>
                            <line>
                                <left><t t-esc='line.product_name_wrapped[0]' /></left>
                                <right><value t-att-value-decimals='pos.currency.decimals'><t t-esc='line.price_display' /></value></right>
                            </line>
                            <t t-call="XmlReceiptWrappedProductNameLines"/>
                        </t>
                        <t t-if='!simple'>
                            <line><left><t t-esc='line.product_name_wrapped[0]' /></left></line>
                            <t t-call="XmlReceiptWrappedProductNameLines"/>
                            <t t-if='line.discount !== 0'>
                                <line indent='1'><left>Discount: <t t-esc='line.discount' />%</left></line>
                            </t>
                            <t t-if='line.note'>
                                <line indent='1'><left>Note: <t t-esc='line.note' /></left></line>
                            </t>
                            <line indent='1'>
                                <left>
                                    <value t-att-value-decimals='pos.dp["Product Unit of Measure"]' value-autoint='on'>
                                        <t t-esc='line.quantity' />
                                    </value>
                                    <t t-if='line.unit_name !== "Unit(s)"'>
                                        <t t-esc='line.unit_name' />
                                    </t>
                                    x
                                    <value t-att-value-decimals='pos.dp["Product Price"]'>
                                        <t t-esc='line.price' />
                                    </value>
                                </left>
                                <right>
                                    <value t-att-value-decimals='pos.currency.decimals'><t t-esc='line.price_display' /></value>
                                </right>
                            </line>
                        </t>
                    </t>
                </div>

                <!-- Subtotal -->

                <t t-set='taxincluded' t-value='Math.abs(receipt.subtotal - receipt.total_with_tax) &lt;= 0.000001' />
                <t t-if='!taxincluded'>
                    <line><right>--------</right></line>
                    <line><left>Subtotal</left><right><value t-att-value-decimals='pos.currency.decimals'><t t-esc="receipt.subtotal" /></value></right></line>
                    <t t-foreach='receipt.tax_details' t-as='tax'>
                        <line>
                            <left><t t-esc='tax.name' /></left>
                            <right><value t-att-value-decimals='pos.currency.decimals'><t t-esc='tax.amount' /></value></right>
                        </line>
                    </t>
                </t>

                <!-- Total -->

                <line><right>--------</right></line>
                <line class='total' size='double-height'>
                    <left><pre>        TOTAL</pre></left>
                    <right><value t-att-value-decimals='pos.currency.decimals'><t t-esc='receipt.total_with_tax' /></value></right>
                </line>
                <br/><br/>

                <!-- Payment Lines -->

                <t t-foreach='paymentlines' t-as='line'>
                    <line>
                        <left><t t-esc='line.name' /></left>
                        <right><value t-att-value-decimals='pos.currency.decimals'><t t-esc='line.get_amount()'/></value></right>
                    </line>
                </t>
                <br/>

                <line size='double-height'>
                    <left><pre>        CHANGE</pre></left>
                    <right><value t-att-value-decimals='pos.currency.decimals'><t t-esc='receipt.change' /></value></right>
                </line>
                <br/>

                <!-- Extra Payment Info -->

                <t t-if='receipt.total_discount'>
                    <line>
                        <left>Discounts</left>
                        <right><value t-att-value-decimals='pos.currency.decimals'><t t-esc='receipt.total_discount'/></value></right>
                    </line>
                </t>
                <t t-if='taxincluded'>
                    <t t-foreach='receipt.tax_details' t-as='tax'>
                        <line>
                            <left><t t-esc='tax.name' /></left>
                            <right><value t-att-value-decimals='pos.currency.decimals'><t t-esc='tax.amount' /></value></right>
                        </line>
                    </t>
                    <line>
                        <left>Total Taxes</left>
                        <right><value t-att-value-decimals='pos.currency.decimals'><t t-esc='receipt.total_tax'/></value></right>
                    </line>
                </t>

                <t t-if="order.get_note()">
                    <div><t t-esc="order.get_note()"/></div>
                </t>

                <t t-if='receipt.cashier'>
                    <div class='cashier'>
                        <div>--------------------------------</div>
                        <div>Cashier: <t t-esc='receipt.cashier' /> (<t t-esc="widget.pos.company.phone || ''" />)</div>
                    </div>
                </t>

                <div class='before-footer' />

                <!-- Footer -->
                <t t-if='receipt.footer_xml'>
                    <t t-raw='receipt.footer_xml' />
                </t>

                <t t-if='!receipt.footer_xml and receipt.footer'>
                    <br/>
                    <t t-esc='receipt.footer' />
                    <br/>
                    <br/>
                </t>

                <div class='after-footer' />

<!--
                <br/>
                <div font='b'>
                    <div><t t-esc='receipt.name' /></div>
                    <div><t t-esc='receipt.date.localestring' /></div>
                </div>
-->
            </receipt>
        </t>
    </t>

</templates>