<?xml version="1.0" encoding="UTF-8"?>  
<templates id="template" xml:space="preserve">

	<t t-extend="ActionpadWidget">  
		<t t-jquery=".actionpad" t-operation="before">
			<span class="control-button" id="all_orders" style="width: 384px;margin-right: 5px;margin-top: 5px;margin-bottom: -7px;">
                <i class='fa fa-list' role="img" aria-label="Note" title="Note"/> All POS <span style="text-decoration:underline;">O</span>rders
			</span>
		</t>	
	</t>

	<t t-name="PosOrdersScreenWidget">
    	<div class="posorders-screen screen">
            <div class="screen-content">
                <section class="top-content">
                    <span class='button back'>
                        <i class='fa fa-angle-double-left'></i>
                        Back
                    </span>
                </section>
                <span class="searchbox">
                    <input placeholder="Search Orders" class="order_search"/>
                    <span class="search-clear"></span>
                </span>
                <section class="full-content">
                    <div class='window'>
                        <section class='subwindow collapsed'>
                            <div class='subwindow-container collapsed'>
                                <div class='subwindow-container-fix order-details-contents'>
                                </div>
                            </div>
                        </section>
                        <section class='subwindow'>
                            <div class='cp_table_back subwindow-container'>
                                <div class='subwindow-container-fix touch-scrollable scrollable-y' style="background-color: rgb(240, 238, 238);overflow-y: scroll;">
                                    <table class='pos-order-list cp_pos_order_list'>
                                        <thead>
                                            <tr style="background-color: rgb(135, 160, 166);color: white;">
                                                <th>Order Ref.</th>
                                                <th>Receipt Ref.</th>
                                                <th>Customer</th>
                                                <th>Order Date</th>                                                
                                                <th>Amount</th>
                                            </tr>
                                        </thead>
                                        <tbody class='cp-order-list-contents'>
                                        </tbody>
                                    </table>
                                </div>
                            </div>
                        </section>
                    </div>
                </section>
            </div>
        </div>
    </t>
    
    <t t-name="CPOrderLine">
        <tr class='cp-order-line' t-att-data-id='order.id' style="cursor:pointer;">
            <td><t t-esc='order.name' /></td>
            <td><t t-esc='order.pos_reference' /></td>
            <td><t t-esc="order.partner_id[1] || '-'" /></td>
            <td><t t-esc='order.date_order' /></td>
            <td style="text-align:right;"><t t-esc='widget.format_currency(order.amount_total)' /></td>
        </tr>
    </t>
    
	<t t-extend='ClientListScreenWidget'>
		<t t-jquery='.client-list thead tr' t-operation='append'>
			<th>Orders</th>
		</t>
	</t>

	<t t-extend='ClientLine'>
		<t t-jquery='.client-line' t-operation='append'>
			<td>
				<button class="view_all_order" t-att-id='partner.id'><i class="fa fa-filter"></i> View orders</button>
			</td>
		</t>
	</t>	

</templates>


