<?xml version="1.0" encoding="UTF-8"?>
<template id="template" xml:space="preserve">

    <t t-extend='PosOrdersScreenWidget'>
        <t t-jquery='.pos-order-list.cp_pos_order_list thead tr' t-operation="append">
            <th>Receipt</th>
        </t>
    </t>
    <t t-extend='CPOrderLine'>
        <t t-jquery='.cp-order-line' t-operation="append">
            <td>
                <button class='cp_print_content' t-att-id='order.id'><i class='fa fa-print'></i>Print</button>
            </td>
        </t>
    </t>

    <t t-name="ReprintTicketScreenWidget">
        <div class='receipt-screen receipt-reprint-screen screen'>
            <div class="screen-content">
                <div class='top-content'>
<!--
                    <span class='button back cp_reprint_home' style="margin-left: 7%;">
                        <i class="fa fa-home" aria-hidden="true"></i>
                    </span>
-->
                    <span class='button back cp_reprint_back'>
                        <i class="fa fa-arrow-left" aria-hidden="true"></i>
					</span>
                </div>
                <div class="centered-content touch-scrollable">
                    <div class="button print">
                        <i class="fa fa-print"></i>Print Receipt
                    </div>
                    <div class="pos-receipt-container">
                    </div>
                </div>
            </div>
        </div>
    </t>

    <t t-name="cpPosTicket">
        <div class="pos-sale-ticket">
            <div class="pos-center-align">
                <t t-esc="receipt.date.localestring" />
            </div>
            <div class="pos-center-align" style="padding:3px 0;font-weight:bold;text-decoration:underline;"><t t-esc="receipt.pos_ref" /></div>
            <div class="pos-center-align emph"><t t-esc="receipt.company.name" /></div>
            <t t-if="receipt.client">
                <div class="pos-left-align" style="padding-top:15px;">Customer: <t t-esc="receipt.client" /><t t-if="receipt.client_phone"> (<t t-esc="receipt.client_phone" />)</t></div><br/>
            </t>
            <t t-if="receipt.header">
                <div style='text-align:center'>
                    <t t-esc="receipt.header" />
                </div>
                <br />
            </t>
            <table class='receipt-orderlines'>
                <colgroup>
                    <col width='50%' />
                    <col width='25%' />
                    <col width='25%' />
                </colgroup>
                <tr t-foreach="receipt.orderlines" t-as="orderline">
                    <td class="pos-left-align">
                        <t t-esc="orderline.product_name" />
                        <t t-if="orderline.discount > 0">
                            <div class="pos-disc-font">
                                With a
                                <t t-esc="orderline.discount" />% discount
                            </div>
                        </t>
                        <t t-if="orderline.note">
                            <div class="pos-disc-font"><t t-esc="orderline.note"/></div>
                        </t>
                    </td>
                    <td class="pos-center-align">
                        <t t-esc="orderline.quantity" />
                        <t t-esc="orderline.unit_name" />
                    </td>
                    <td class="pos-right-align">
                        <t t-esc="widget.format_currency(price_without_tax)" />
                    </td>
                </tr>
            </table>
            <table class='receipt-total'>
                <tr>
                    <td>Subtotal:</td>
                    <td class="pos-right-align">
                        <t t-esc="widget.format_currency(receipt.subtotal)" />
                    </td>
                </tr>
                <t t-foreach="receipt.tax_details" t-as="taxdetail">
                    <tr>
                        <td>
                            <t t-esc="taxdetail.name" />
                        </td>
                        <td class="pos-right-align">
                            <t t-esc="widget.format_currency(taxdetail.amount)" />
                        </td>
                    </tr>
                </t>
                <tr>
                    <td>Discount:</td>
                    <td class="pos-right-align">
                        <t t-esc="widget.format_currency(receipt.total_discount)" />
                    </td>
                </tr>
                <tr class="emph" style="font-weight:bold;">
                    <td>Total:</td>
                    <td class="pos-right-align">
                        <t t-esc="widget.format_currency(receipt.total_with_tax)" />
                    </td>
                </tr>
            </table>
            <table class='receipt-paymentlines'>
                <t t-foreach="receipt.paymentlines" t-as="line">
                    <tr>
                        <td>
                            <t t-esc="line.name" />
                        </td>
                        <td class="pos-right-align">
                            <t t-esc="widget.format_currency(line.amount)" />
                        </td>
                    </tr>
                </t>
            </table>
            <table class='receipt-change'>
                <tr>
                    <td>Change:</td>
                    <td class="pos-right-align">
                        <t t-esc="widget.format_currency(receipt.change)" />
                    </td>
                </tr>
            </table>

            <t t-if="receipt.note">
                <div class="pos-center-align" style="margin-bottom:10px;font-size:17px;"><t t-esc="receipt.note"/></div>
            </t>

            <table class='receipt-change'>
                <tr>
                    <div>********************************************</div>
                    <div>Duplicate Receipt Generated By:
                        <t t-esc='receipt.curr_user' />
                    </div>
                    <div>********************************************</div>
                </tr>
            </table>

            <div class="pos-left-align" style="padding-top:15px;">Cashier: <t t-esc="widget.pos.cashier ? widget.pos.cashier.name : widget.pos.user.name" /> (<t t-esc="receipt.company.phone || ''" />)</div><br/>

            <t t-if="receipt.footer">
                <br />
                <div style='text-align:center'>
                    <t t-esc="receipt.footer" />
                </div>
            </t>
        </div>
    </t>

    <t t-name="cpXmlReceipt">
        <receipt align='center' width='40' value-thousands-separator=''>
            <div>
                <t t-esc='receipt.date.localestring' />
            </div>
            <div>
                <t t-esc='receipt.pos_ref' />
            </div>
            <t t-if='receipt.company.logo'>
                <img t-att-src='receipt.company.logo' />
                <br/>
            </t>
            <t t-if='!receipt.company.logo'>
                <h1><t t-esc='receipt.company.name' /></h1>
                <br/>
            </t>
            <t t-if="receipt.client">
                <left>
                    <div>Customer: <t t-esc="receipt.client" /><t t-if="receipt.client_phone"> (<t t-esc="receipt.client_phone" />)</t></div><br/>
                </left>
            </t>
            <div font='b'>
<!--
                <t t-if='receipt.company.contact_address'>
                    <div>
                        <t t-esc='receipt.company.contact_address' />
                    </div>
                </t>
                <t t-if='receipt.company.phone'>
                    <div>Tel:
                        <t t-esc='receipt.company.phone' />
                    </div>
                </t>
                <t t-if='receipt.company.vat'>
                    <div>VAT:
                        <t t-esc='receipt.company.vat' />
                    </div>
                </t>
                <t t-if='receipt.company.email'>
                    <div>
                        <t t-esc='receipt.company.email' />
                    </div>
                </t>
                <t t-if='receipt.company.website'>
                    <div>
                        <t t-esc='receipt.company.website' />
                    </div>
                </t>
-->
                <t t-if='receipt.header_xml'>
                    <t t-raw='receipt.header_xml' />
                </t>
                <t t-if='!receipt.header_xml and receipt.header'>
                    <div>
                        <t t-esc='receipt.header' />
                    </div>
                </t>
<!--
                <t t-if='receipt.cashier'>
                    <div class='cashier'>
                        <div>&#45;&#45;&#45;&#45;&#45;&#45;&#45;&#45;&#45;&#45;&#45;&#45;&#45;&#45;&#45;&#45;&#45;&#45;&#45;&#45;&#45;&#45;&#45;&#45;&#45;&#45;&#45;&#45;&#45;&#45;&#45;&#45;</div>
                        <div>Served by
                            <t t-esc='receipt.cashier' />
                        </div>
                    </div>
                </t>
-->
            </div>
            <br />
            <br />
            <!-- Orderlines -->

            <div class='orderlines' line-ratio='0.6'>
                <t t-foreach='receipt.orderlines' t-as='line'>
                    <t t-set='simple' t-value='line.discount === 0 and line.unit_name === "Unit(s)" and line.quantity === 1' />
                    <t t-if='simple'>
                        <line>
                            <left><t t-esc='line.product_name' /></left>
                            <right><value t-att-value-decimals='pos.currency.decimals'><t t-esc='line.price_display' /></value></right>
                        </line>
                    </t>
                    <t t-if='!simple'>
                        <line><left><t t-esc='line.product_name' /></left></line>
                        <t t-if='line.discount !== 0'>
                            <line indent='1'><left>Discount: <t t-esc='line.discount' />%</left></line>
                        </t>
                        <t t-if='line.note'>
                            <line indent='1'><left>Note: <t t-esc='line.note' /></left></line>
                        </t>
                        <line indent='1'>
                            <left>
                                <value t-att-value-decimals='pos.dp["Product Unit of Measure"]' value-autoint='on'>
                                    <t t-esc='line.quantity' />
                                </value>
                                <t t-if='line.unit_name !== "Unit(s)"'>
                                    <t t-esc='line.unit_name' /> 
                                </t>
                                x 
                                <value t-att-value-decimals='pos.dp["Product Price"]'>
                                    <t t-esc='line.price' />
                                </value>
                            </left>
                            <right>
                                <value t-att-value-decimals='pos.currency.decimals'><t t-esc='line.price_display' /></value>
                            </right>
                        </line>
                    </t>
                </t>
            </div>

            <!-- Subtotal -->

            <t t-set='taxincluded' t-value='Math.abs(receipt.subtotal - receipt.total_with_tax) &lt;= 0.000001' />
            <t t-if='!taxincluded'>
                <line><right>--------</right></line>
                <line><left>Subtotal</left><right><value t-att-value-decimals='pos.currency.decimals'><t t-esc="receipt.subtotal" /></value></right></line>
                <t t-foreach='receipt.tax_details' t-as='tax'>
                    <line>
                        <left><t t-esc='tax.name' /></left>
                        <right><value t-att-value-decimals='pos.currency.decimals'><t t-esc='tax.amount' /></value></right>
                    </line>
                </t>
            </t>

            <!-- Total -->

            <line><right>--------</right></line>
            <line class='total' size='double-height'>
                <left><pre>        TOTAL</pre></left>
                <right><value t-att-value-decimals='pos.currency.decimals'><t t-esc='receipt.total_with_tax' /></value></right>
            </line>
            <br/><br/>

            <!-- Payment Lines -->

            <t t-foreach='paymentlines' t-as='line'>
                <line>
                    <left><t t-esc='line.name' /></left>
                    <right><value t-att-value-decimals='pos.currency.decimals'><t t-esc='line.amount'/></value></right>
                </line>
            </t>
            <br/> 

            <line size='double-height'>
                <left><pre>        CHANGE</pre></left>
                <right><value t-att-value-decimals='pos.currency.decimals'><t t-esc='receipt.change' /></value></right>
            </line>
            <br/>
            
            <!-- Extra Payment Info -->

            <t t-if='receipt.total_discount'>
                <line>
                    <left>Discounts</left>
                    <right><value t-att-value-decimals='pos.currency.decimals'><t t-esc='receipt.total_discount'/></value></right>
                </line>
            </t>
            <t t-if='taxincluded'>
                <t t-foreach='receipt.tax_details' t-as='tax'>
                    <line>
                        <left><t t-esc='tax.name' /></left>
                        <right><value t-att-value-decimals='pos.currency.decimals'><t t-esc='tax.amount' /></value></right>
                    </line>
                </t>
                <line>
                    <left>Total Taxes</left>
                    <right><value t-att-value-decimals='pos.currency.decimals'><t t-esc='receipt.total_tax'/></value></right>
                </line>
            </t>

            <t t-if="receipt.note">
                <div><t t-esc="receipt.note"/></div>
            </t>

            <div class='before-footer' />

            <!-- Footer -->
            <t t-if='receipt.footer_xml'>
                <t t-raw='receipt.footer_xml' />
            </t>

            <t t-if='!receipt.footer_xml and receipt.footer'>
                <br/>
                <t t-esc='receipt.footer' />
                <br/>
                <br/>
            </t>

            <div class='after-footer' />

            <br/>
            <div font='b'>
                <div>***********************************</div>
                <div>Duplicate Receipt Generated By:
                    <t t-esc='receipt.curr_user' />
                </div>
                <div>***********************************</div>
                <t t-if='receipt.cashier'>
                    <div class='cashier'>
                        <div>--------------------------------</div>
                        <div>Cashier: <t t-esc='receipt.cashier' /></div>
                    </div>
                </t>
            </div>

        </receipt>
    </t>

</template>
