<?xml version="1.0" encoding="UTF-8"?>
<template id="template" xml:space="preserve">

    <t t-extend='PosOrdersScreenWidget'>
        <t t-jquery='.pos-order-list.cp_pos_order_list thead tr' t-operation="append">
            <th>Receipt</th>
        </t>
    </t>
    <t t-extend='CPOrderLine'>
        <t t-jquery='.cp-order-line' t-operation="append">
            <td>
                <button class='cp_print_content' t-att-id='order.id'><i class='fa fa-print'></i>Print</button>
            </td>
        </t>
    </t>

    <t t-name="ReprintTicketScreenWidget">
        <div class='receipt-screen receipt-reprint-screen screen'>
            <div class="screen-content">
                <div class='top-content'>
                    <span class='button back cp_reprint_back'>
                        <i class="fa fa-arrow-left" aria-hidden="true"></i>
					</span>
                </div>
                <div class="centered-content touch-scrollable">
                    <div class="button print">
                        <i class="fa fa-print"></i> <span style="text-decoration:underline;">P</span>rint Receipt
                    </div>
                    <div class="pos-receipt-container">
                    </div>
                </div>
            </div>
        </div>
    </t>


    <t t-name="cpPosTicket">
        <div class="pos-sale-ticket pos-receipt">
            <div style='text-align:center;font-size:14px;'>
                <div style="margin-bottom: 15px;font-size: 18px;font-weight: 600;">
                    <t t-if='receipt.company.logo'>
                        <img style='width:35%;height:auto;' t-att-src='receipt.company.logo'/>
                    </t>
                    <div t-esc="receipt.company.name"/>
                </div>
                <t t-if="receipt.header">
                    <div>
                        <t t-esc="receipt.header"/>
                    </div>
                    <div>
                        Served by
                        <t t-esc="widget.pos.config.name"/>
                    </div>
                    <div>------------------------------------</div>
                    <t t-if="receipt.client">
                        <div class="pos-receipt-left-align" style="text-align:left;">
                            Customer: <t t-esc="receipt.client"/><t t-if="receipt.client_phone"> (<t t-esc="receipt.client_phone"/>)</t>
                        </div>
                        <div>------------------------------------</div>
                    </t>
                    <br/>
                </t>
            </div>

            <!-- Orderlines -->

            <div class='orderlines'>
                <t t-foreach='receipt.orderlines' t-as='line'>
                    <div style="margin-bottom:10px;">
                        <t t-set='simple'
                           t-value='(line.discount === 0 and line.unit_name === "Units" and line.quantity === 1 and !discount_to_show and !(line.display_discount_policy == "without_discount" &amp;&amp; line.price != line.price_lst))'/>
                        <t t-if='simple'>
                            <div>
                                <div t-esc='line.product_name' style="font-weight:bold;"/>
                                <span t-esc='widget.format_currency_no_symbol(line.price_display)'
                                      class="price_display pos-receipt-right-align"/>
                            </div>
                        </t>
                        <t t-if='!simple'>
                            <div t-esc='line.product_name' style="font-weight:bold;"/>
                            <t t-if="line.display_discount_policy == 'without_discount' &amp;&amp; line.price != line.price_lst">
                                <div class="pos-receipt-left-align">
                                    <t t-esc="widget.format_currency_no_symbol(line.price_lst)"/>
                                    <t t-esc="widget.format_currency_no_symbol(line.price)"/>
                                </div>
                            </t>
                            <t t-elif='line.discount !== 0'>
                                <div class="pos-receipt-left-align" style="font-size:13px;color:#808080;">
                                    <t t-if="widget.pos.config.iface_tax_included === 'total'">
                                        <t t-esc="widget.format_currency_no_symbol(line.price_with_tax_before_discount)"/>
                                    </t>
                                    <t t-else="">
                                        <t t-esc="widget.format_currency_no_symbol(line.price)"/>
                                    </t>
                                </div>
                            </t>
                            <t t-if='line.discount !== 0'>
                                <div class="pos-receipt-left-align"
                                     style="font-size:13px;font-style:italic;color:#808080;">
                                    With a <t t-esc='line.discount'/>% discount
                                </div>
                            </t>
                            <div class="pos-receipt-left-align" style="font-size:13px;color:#808080;">
                                <t t-esc="Math.round(line.quantity * Math.pow(10, widget.pos.dp['Product Unit of Measure'])) / Math.pow(10, widget.pos.dp['Product Unit of Measure'])"/>
                                <t t-if='line.unit_name !== "Units"' t-esc='line.unit_name'/>
                                x
                                <!--                                    <t t-esc='widget.format_currency_no_symbol(line.price_display_one)'/>-->
                                <t t-esc='widget.format_currency_no_symbol(line.price_display / line.quantity)'/>
                                <span class="price_display pos-receipt-right-align" style="font-size:16px;">
                                    <t t-esc='widget.format_currency_no_symbol(line.price_display)'/>
                                </span>
                            </div>
                        </t>
                        <t t-if="line.note">
                            <div class="pos-receipt-left-align" style="font-size:13px;font-style:italic;font-weight:bold;">Note: <t t-esc="receipt.note"/></div>
                        </t>
                    </div>
                </t>
            </div>

            <!-- Subtotal -->

            <t t-set='taxincluded' t-value='Math.abs(receipt.subtotal - receipt.total_with_tax) &lt;= 0.000001'/>
            <t t-if='!taxincluded'>
                <div class="pos-receipt-right-align">--------</div>
                <br/>
                <div>Subtotal
                    <span t-esc='widget.format_currency_no_symbol(receipt.subtotal)'
                          class="pos-receipt-right-align"/>
                </div>
                <t t-foreach='receipt.tax_details' t-as='tax'>
                    <div>
                        <t t-esc='tax.name'/>
                        <span t-esc='widget.format_currency_no_symbol(tax.amount)' class="pos-receipt-right-align"/>
                    </div>
                </t>
            </t>

            <!-- Total -->
            <div class="pos-receipt-right-align">--------</div>
            <br/>
            <div class="pos-receipt-amount">
                TOTAL
                <span t-esc='widget.format_currency_no_symbol(receipt.total_with_tax)'
                      class="pos-receipt-right-align"/>
            </div>
            <br/>

            <!-- Payment Lines -->

            <t t-foreach='receipt.paymentlines' t-as='line'>
                <div>
                    <t t-esc='line.name'/>
                    <span t-esc='widget.format_currency_no_symbol(line.amount)' class="pos-receipt-right-align"/>
                </div>
            </t>
            <br/>

            <div class="pos-receipt-amount receipt-change">
                CHANGE
                <span t-esc='widget.format_currency_no_symbol(receipt.change)' class="pos-receipt-right-align"/>
            </div>

            <!-- Extra Payment Info -->

            <t t-if='receipt.total_discount'>
                <div>
                    Discounts
                    <span t-esc='widget.format_currency_no_symbol(receipt.total_discount)'
                          class="pos-receipt-right-align"/>
                </div>
            </t>
            <br/>

            <div style="text-align:center;font-size:14px;">
                <t t-if="receipt.note">
                    <div class="pos-receipt-left-align" style="text-align:left;font-style:italic;font-weight:bold;">Note: <t t-esc="receipt.note"/></div><br/>
                </t>
                <div class='before-footer'/>
                <t t-if="receipt.footer">
                    <div><t t-esc="receipt.footer" /></div>
                </t>
                <br/>
                <div>------------------------------------</div>
                <div class="pos-receipt-left-align" style="text-align:left">Cashier: <t t-esc="receipt.cashier" /> (<t t-esc="receipt.company.phone || ''" />)</div>
                <div class="pos-receipt-left-align" style="text-align:left;">Duplicate by: <t t-esc="receipt.curr_user" /></div>
                <div class="pos-receipt-left-align" style="text-align:left;">Duplicate at: <t t-esc="moment().format('L LT')"/></div>
                <div>------------------------------------</div><br/>
                <t t-esc="receipt.date.localestring"/>
                <br/>
                <div style='font-weight:bold;font-size:16px;'>
                    <t t-esc='receipt.pos_ref'/>
                </div>
                <div class='after-footer'/>
            </div>
        </div>
    </t>

</template>
