<?xml version="1.0" encoding="UTF-8"?>
<templates id="template" xml:space="preserve">
    <t t-name="RemoveOrderLineButton">
        <div class='control-button'>
            <i class="fa fa-trash" aria-hidden="true"></i>
        </div>
    </t>
    <t t-extend="Orderline">
        <t t-jquery=".info-list" t-operation='after'>
            <t t-if="widget.pos.config.allow_fast_remove_line">
                <div style="float: right;margin-top: -11px;color: red;" class="remove_order_line"><i class="fa fa-trash" aria-hidden="true"></i></div>
            </t>
        </t>
    </t>
</templates>
