<odoo>
    <template id="mega_menu_1" name="Mega Menu 1">
        <section class="megamenu-container"
                 style="background-image: url(/wang_theme/static/src/img/mega_menu_img.png&quot;); display: block; width: 1170px;">
            <ul class="sub-mega-menu">
                <div class="row">
                    <li class="mega-links mega3-collumn1 col-sm-2">

                        <ul>
                            <li class="list-title">Category</li>

                            <li class="list-unstyled li-sub-mega">
                                <a href="/collections/best-sellers">Foods</a>
                            </li>

                            <li class="list-unstyled li-sub-mega">
                                <a href="/collections/digital-1">Hot Deal</a>
                            </li>

                            <li class="list-unstyled li-sub-mega">
                                <a href="/collections/electronic">Fashion</a>
                            </li>

                            <li class="list-unstyled li-sub-mega">
                                <a href="/collections/fashions">Travel</a>
                            </li>

                            <li class="list-unstyled li-sub-mega">
                                <a href="/collections/furniture">Other Services</a>
                            </li>

                            <li class="list-unstyled li-sub-mega">
                                <a href="/collections/maybe-you-prefer">Healthy &amp; Beauty</a>
                            </li>

                        </ul>
                    </li>


                    <li class="mega-links mega3-collumn2 col-sm-2">

                        <ul>
                            <li class="list-title">Pages</li>

                            <li class="list-unstyled li-sub-mega">
                                <a href="/collections/all">Shopping cart</a>
                            </li>

                            <li class="list-unstyled li-sub-mega">
                                <a href="/cart">Checkout</a>
                            </li>

                            <li class="list-unstyled li-sub-mega">
                                <a href="/cart">Track order</a>
                            </li>

                            <li class="list-unstyled li-sub-mega">
                                <a href="/account">My account</a>
                            </li>

                            <li class="list-unstyled li-sub-mega">
                                <a href="/account/login">Login</a>
                            </li>

                            <li class="list-unstyled li-sub-mega">
                                <a href="/account/register">Register</a>
                            </li>

                        </ul>
                    </li>
                    <li class="mega-links mega3-collumn2 col-sm-2">

                        <ul>
                            <li class="list-title">infomation</li>

                            <li class="list-unstyled li-sub-mega">
                                <a href="/collections/all">About us</a>
                            </li>

                            <li class="list-unstyled li-sub-mega">
                                <a href="/cart">My Account</a>
                            </li>

                            <li class="list-unstyled li-sub-mega">
                                <a href="/cart">My cart</a>
                            </li>

                            <li class="list-unstyled li-sub-mega">
                                <a href="/account">Checkout</a>
                            </li>

                            <li class="list-unstyled li-sub-mega">
                                <a href="/account/login">Login</a>
                            </li>

                            <li class="list-unstyled li-sub-mega">
                                <a href="/account/register">Gift Vouchers</a>
                            </li>

                        </ul>
                    </li>

                    <li class="mega3-collumn3 col-sm-6">
                        <div class="dis_table">
                            <div class="dis_tablecell">
                                <div class="col-caption">
                                    <span class="title">
                                        Come &amp; Discover
                                    </span>
                                    <span class="content">
                                        The new style
                                    </span>
                                </div>
                                <a class="btn btn-primary" href="">Shop now</a>
                            </div>
                        </div>
                    </li>

                </div>
            </ul>
        </section>
    </template>
</odoo>