<odoo>
    <template id="black_block" name="Blank Block 3 and 9">
        <section class="">
            <div class="container bg-white">
                <div class="row mt32 mb32">
                    <div class="col-lg-3 col-md-3 col-sm-4 d-none d-sm-block">
                        <div id="wrap" class="oe_structure oe_empty"/>
                    </div>
                    <div class="col-lg-9 col-md-9 col-sm-8">
                        <div id="wrap" class="oe_structure oe_empty"/>
                    </div>
                </div>
            </div>
        </section>
    </template>

</odoo>
