<odoo>
    <template id="s_ecommerce_homepage_1" name="Homepage">
        <section>
            <div class="container">
                <div class="row">
                    <div class="col-lg-3 col-md-3 col-sm-4 d-none d-sm-block">
                        <section class="homepage_category mt-4">
                            <div class="vertical-head">
                                <h5 class="vertical-title">Categories</h5>
                            </div>
                            <div class="vertical-menu-content">
                                <ul class="list-inline vertical-menu-list">
                                    <t t-set="categories"
                                       t-value="website.get_categories() if website else None"/>
                                    <t t-if="categories">
                                        <t t-foreach="categories['categories']" t-as="categ">
                                            <t t-call="tecspek_all_options.menu_categories_recursive"/>
                                        </t>
                                    </t>
                                </ul>
                            </div>
                        </section>
                        <section class="snippet_product_carousel homepage-single-carousel mt-4">
                            <div class="container">
                                <div class="js_get_objects product_carousel_design rating_off"
                                     data-objects_in_slide="1" data-objects_limit="10"
                                     data-product_view="website_product_carousel.list_of_product_view"
                                     data-split_product_object="1"/>
                            </div>
                        </section>
                        <section class="left-banner-two mar-bottom mt-4">
                            <div class="banner-top mar-bottom">
                                <div class="overlay">
                                    <a href="">
                                        <i class="fa fa-plus"></i>
                                    </a>
                                </div>
                                <img src="/wang_theme/static/src/img/banner-left-two-top.jpg"
                                     class="img-fluid" alt=""/>
                            </div>
                        </section>
                        <section
                                class="snippet_small_product_carousel mb8 homepage-small-carousel-single mt-4">
                            <div class="container">
                                <div class="js_get_objects product_carousel_design wishlist_off cart_off quick_off timer_off"
                                     data-objects_in_slide="1"
                                     data-objects_limit="8"
                                     data-product_view="website_product_carousel.small_list_of_product_view"
                                     data-split_product_object="4"/>
                            </div>
                        </section>
                        <section class="left-banner-two mar-bottom mt-4">
                            <div class="banner-bottom">
                                <div class="overlay">
                                    <a href="">
                                        <i class="fa fa-plus"></i>
                                    </a>
                                </div>
                                <img src="/wang_theme/static/src/img/banner-left-two-bottom.jpg"
                                     class="img-fluid" alt=""/>
                            </div>
                        </section>
                        <section class="snippet_product_carousel homepage-single-carousel mt-4">
                            <div class="container">
                                <div class="js_get_objects product_carousel_design rating_off timer_off"
                                     data-objects_in_slide="1" data-objects_limit="10"
                                     data-product_view="website_product_carousel.list_of_product_view"
                                     data-split_product_object="1"/>
                            </div>
                        </section>
                        <section class="testimonial_3 mt-4">
                            <div class="container">
                                <div id="testimonial-slider-3" class="owl-carousel">
                                    <div class="testimonial">
                                        <div class="pic">
                                            <img src="/tecspek_customize_theme/static/src/img/t_img-1.jpg"
                                                 alt=""/>
                                        </div>
                                        <div class="testimonial-content">
                                            <h3 class="testimonial-title">
                                                <a href="#">williamson</a>
                                            </h3>
                                            <p class="description">
                                                Lorem ipsum dolor sit amet, consectetur adipiscing elit.
                                                Quisque
                                                fermentum euismod mi in sodales. Integer vestibulum
                                                lectus non risus
                                                dictum iaculis. Proin eu ornare nibh.
                                            </p>
                                        </div>
                                    </div>

                                    <div class="testimonial">
                                        <div class="pic">
                                            <img src="/tecspek_customize_theme/static/src/img/t_img-2.jpg"
                                                 alt=""/>
                                        </div>
                                        <div class="testimonial-content">
                                            <h3 class="testimonial-title">
                                                <a href="#">Kristiana</a>
                                            </h3>
                                            <p class="description">
                                                Lorem ipsum dolor sit amet, consectetur adipiscing elit.
                                                Quisque
                                                fermentum euismod mi in sodales. Integer vestibulum
                                                lectus non risus
                                                dictum iaculis. Proin eu ornare nibh.
                                            </p>
                                        </div>
                                    </div>
                                    <div class="testimonial">
                                        <div class="pic">
                                            <img src="/tecspek_customize_theme/static/src/img/t_img-3.jpg"
                                                 alt=""/>
                                        </div>
                                        <div class="testimonial-content">
                                            <h3 class="testimonial-title">
                                                <a href="#">williamson</a>
                                            </h3>
                                            <p class="description">
                                                Lorem ipsum dolor sit amet, consectetur adipiscing elit.
                                                Quisque
                                                fermentum euismod mi in sodales. Integer vestibulum
                                                lectus non risus
                                                dictum iaculis. Proin eu ornare nibh.
                                            </p>
                                        </div>
                                    </div>
                                    <div class="testimonial">
                                        <div class="pic">
                                            <img src="/tecspek_customize_theme/static/src/img/t_img-1.jpg"
                                                 alt=""/>
                                        </div>
                                        <div class="testimonial-content">
                                            <h3 class="testimonial-title">
                                                <a href="#">williamson</a>
                                            </h3>
                                            <p class="description">
                                                Lorem ipsum dolor sit amet, consectetur adipiscing elit.
                                                Quisque
                                                fermentum euismod mi in sodales. Integer vestibulum
                                                lectus non risus
                                                dictum iaculis. Proin eu ornare nibh.
                                            </p>
                                        </div>
                                    </div>
                                </div>
                            </div>
                        </section>
                        <section class="left-banner-two mar-bottom mt-4 mb-5">
                            <div class="banner-bottom">
                                <div class="overlay">
                                    <a href="">
                                        <i class="fa fa-plus"></i>
                                    </a>
                                </div>
                                <img src="/wang_theme/static/src/img/banner-04.jpg" class="img-fluid"
                                     alt=""/>
                            </div>
                        </section>
                    </div>
                    <div class="col-lg-9 col-md-9 col-sm-8">
                        <div id="myCarousel1546064878134"
                             class="s_carousel s_carousel_default carousel slide mt-4 wang-banner"
                             data-interval="10000" style="height: 465px;">
                            <ol class="carousel-indicators">
                                <li data-target="#myCarousel1546064878134" data-slide-to="0"
                                    class="active"/>
                                <li data-target="#myCarousel1546064878134" data-slide-to="1"/>
                            </ol>
                            <div class="carousel-inner">
                                <div class="carousel-item oe_custom_bg oe_img_bg pt80 pb152 "
                                     style="background-image: url(&quot;/wang_theme/static/src/img/slider-two-01.jpg&quot;);"
                                     data-name="Slide">
                                    <div class="container">
                                        <div class="row content">
                                            <div class="carousel-content col-lg-7 offset-lg-1">
                                                <div class="s_title pb8" data-name="Title">
                                                    <h2 class="s_title_default text-white">
                                                        <font style="font-size: 62px;"
                                                              class="o_default_snippet_text">MEN
                                                        </font>
                                                    </h2>
                                                    <h2 class="s_title_default text-white">
                                                        <font style="font-size: 62px;"
                                                              class="o_default_snippet_text">COLLECTION
                                                            2019
                                                        </font>
                                                    </h2>
                                                </div>
                                                <div class="s_btn text-left pt16 pb16"
                                                     data-name="Buttons">
                                                    <a href="/aboutus"
                                                       class="btn btn-secondary flat o_default_snippet_text">
                                                        About us
                                                    </a>
                                                    <a href="/contactus"
                                                       class="btn btn-primary flat o_default_snippet_text">
                                                        Contact us
                                                    </a>
                                                </div>
                                            </div>
                                        </div>
                                    </div>
                                </div>
                                <div class="carousel-item oe_custom_bg oe_img_bg pt80 pb152 active"
                                     style="background-image: url(&quot;/wang_theme/static/src/img/slider-two-02.jpg&quot;);"
                                     data-name="Slide">
                                    <div class="container">
                                        <div class="row content">
                                            <div class="carousel-content col-lg-7 offset-lg-1">
                                                <div class="s_title pb8" data-name="Title">
                                                    <h2 class="s_title_default text-white">
                                                        <font style="font-size: 62px;"
                                                              class="o_default_snippet_text">WOMEN
                                                        </font>
                                                    </h2>
                                                    <h2 class="s_title_default text-white">
                                                        <font style="font-size: 62px;"
                                                              class="o_default_snippet_text">COLLECTION
                                                            2019
                                                        </font>
                                                    </h2>
                                                </div>
                                                <div class="s_btn text-left pt16 pb16"
                                                     data-name="Buttons">
                                                    <a href="/aboutus"
                                                       class="btn btn-secondary flat o_default_snippet_text">
                                                        About us
                                                    </a>
                                                    <a href="/contactus"
                                                       class="btn btn-primary flat o_default_snippet_text">
                                                        Contact us
                                                    </a>
                                                </div>
                                            </div>
                                        </div>
                                    </div>
                                </div>
                            </div>
                            <div class="carousel-control-prev" data-target="#myCarousel1546064878134"
                                 data-slide="prev" role="img" aria-label="Previous" title="Previous">
                                <span class="carousel-control-prev-icon"/>
                                <span class="sr-only o_default_snippet_text">Previous</span>
                            </div>
                            <div class="carousel-control-next" data-target="#myCarousel1546064878134"
                                 data-slide="next" role="img" aria-label="Next" title="Next">
                                <span class="carousel-control-next-icon"/>
                                <span class="sr-only o_default_snippet_text">Next</span>
                            </div>
                        </div>
                        <section id="otcmsservices" class="mt-5">
                            <div class="otcmsservices">
                                <div class="row">
                                    <div class="otshipping otservice col-3 col-sm-3">
                                        <div class="service">
                                            <div class="otshipping_img service-icon"></div>
                                            <div class="service-content">
                                                <div class="service-title">Free Delivery</div>
                                                <div class="service-desc">Deliver to Door</div>
                                            </div>
                                        </div>
                                    </div>
                                    <div class="otsuppport otservice col-3 col-sm-3">
                                        <div class="service">
                                            <div class="otsuppport_img service-icon"></div>
                                            <div class="service-content">
                                                <div class="service-title">24x7 Support</div>
                                                <div class="service-desc">in Safe Hands</div>
                                            </div>
                                        </div>
                                    </div>
                                    <div class="otsaving otservice col-3 col-sm-3">
                                        <div class="service">
                                            <div class="otsaving_img service-icon"></div>
                                            <div class="service-content">
                                                <div class="service-title">Big Discounts</div>
                                                <div class="service-desc">at Lowest Price</div>
                                            </div>
                                        </div>
                                    </div>
                                    <div class="otmoneyback otservice col-3 col-sm-3">
                                        <div class="service">
                                            <div class="otmoneyback_img service-icon"></div>
                                            <div class="service-content">
                                                <div class="service-title">Money Back</div>
                                                <div class="service-desc">Easy to Return</div>
                                            </div>
                                        </div>
                                    </div>
                                </div>
                            </div>
                        </section>
                        <section class="snippet_product_carousel mb8 mt-5">
                            <div class="container">
                                <div class="js_get_objects product_carousel_design rating_off timer_off"
                                     data-objects_in_slide="3" data-objects_limit="10"
                                     data-product_view="website_product_carousel.list_of_product_view"
                                     data-split_product_object="1"/>
                            </div>
                        </section>
                        <section class="mt-4">
                            <div class="right-top-banner-two row">
                                <!--SINGLE BANNER-->
                                <div class="col-xs-12 col-sm-4 col-md-4">
                                    <div class="banner-top mar-bottom">
                                        <div class="overlay">
                                            <a href="">
                                                <i class="fa fa-plus"></i>
                                            </a>
                                        </div>
                                        <img src="/wang_theme/static/src/img/right-banner-two-1.jpg"
                                             class="img-fluid"
                                             alt=""/>
                                    </div>
                                </div>
                                <!--SINGLE BANNER-->
                                <div class="col-xs-12 col-sm-4 col-md-4">
                                    <div class="banner-top mar-bottom">
                                        <div class="overlay">
                                            <a href="">
                                                <i class="fa fa-plus"></i>
                                            </a>
                                        </div>
                                        <img src="/wang_theme/static/src/img/right-banner-two-2.jpg"
                                             class="img-fluid"
                                             alt=""/>
                                    </div>
                                </div>
                                <!--SINGLE BANNER-->
                                <div class="col-xs-12 col-sm-4 col-md-4">
                                    <div class="banner-top">
                                        <div class="overlay">
                                            <a href="">
                                                <i class="fa fa-plus"></i>
                                            </a>
                                        </div>
                                        <img src="/wang_theme/static/src/img/right-banner-two-3.jpg"
                                             class="img-fluid"
                                             alt=""/>
                                    </div>
                                </div>
                            </div>
                        </section>
                        <section class="mt-4">
                            <div class="row">
                                <!--SINGLE BANNER-->
                                <div class="col-sm-8 col-md-8">
                                    <div class="left-banner">
                                        <div class="overlay">
                                            <a href="">
                                                <i class="fa fa-plus"></i>
                                            </a>
                                        </div>
                                        <img src="/wang_theme/static/src/img/left-banner.jpg" alt=""
                                             class="img-fluid"/>
                                    </div>
                                </div>
                                <div class="col-sm-4 col-md-4">
                                    <div class="right-banner">
                                        <div class="overlay">
                                            <a href="">
                                                <i class="fa fa-plus"></i>
                                            </a>
                                        </div>
                                        <img src="/wang_theme/static/src/img/right-banner.jpg" alt=""
                                             class="img-fluid"/>
                                    </div>
                                </div>
                            </div>
                        </section>
                        <section class="tab-carousel mt-5">
                            <div class="tab" role="tabpanel">
                                <!-- Nav tabs -->
                                <ul class="nav nav-tabs" role="tablist">
                                    <li role="presentation" class="nav-item">
                                        <a class="active show nav-link" href="#newproduct"
                                           aria-controls="home"
                                           role="tab"
                                           data-toggle="tab">New Product
                                        </a>
                                    </li>
                                    <li role="presentation" class="nav-item">
                                        <a href="#featured" class="nav-link" aria-controls="profile"
                                           role="tab"
                                           data-toggle="tab">Featured
                                        </a>
                                    </li>
                                    <li role="presentation" class="nav-item">
                                        <a href="#bestdeal" class="nav-link" aria-controls="messages"
                                           role="tab"
                                           data-toggle="tab">Best deal
                                        </a>
                                    </li>
                                </ul>
                                <!-- Tab panes -->
                                <div class="tab-content tabs">
                                    <div class="tab-pane active" id="newproduct">
                                        <section class="snippet_product_carousel mb8">
                                            <div class="container">
                                                <div class="js_get_objects product_carousel_design headline_off rating_off timer_off"
                                                     data-objects_in_slide="3" data-objects_limit="10"
                                                     data-product_view="website_product_carousel.list_of_product_view"
                                                     data-split_product_object="1"/>
                                            </div>
                                        </section>

                                    </div>
                                    <div class="tab-pane fade" id="featured">
                                        <section class="snippet_product_carousel mb8">
                                            <div class="container">
                                                <div class="js_get_objects product_carousel_design headline_off rating_off timer_off"
                                                     data-objects_in_slide="3" data-objects_limit="10"
                                                     data-product_view="website_product_carousel.list_of_product_view"
                                                     data-split_product_object="1"/>
                                            </div>
                                        </section>

                                    </div>
                                    <div class="tab-pane fade" id="bestdeal">
                                        <section class="snippet_product_carousel mb8">
                                            <div class="container">
                                                <div class="js_get_objects product_carousel_design headline_off rating_off timer_off"
                                                     data-objects_in_slide="3" data-objects_limit="10"
                                                     data-product_view="website_product_carousel.list_of_product_view"
                                                     data-split_product_object="1"/>
                                            </div>
                                        </section>

                                    </div>
                                </div>
                            </div>
                        </section>
                        <section class="right-bottom-banner-two">
                            <div class="row">
                                <!--SINGLE BANNER-->
                                <div class="col-sm-4 col-md-4">
                                    <div class="banner-top">
                                        <div class="overlay">
                                            <a href="#">
                                                <i class="fa fa-plus"></i>
                                            </a>
                                        </div>
                                        <img src="/wang_theme/static/src/img/r-bot-banner-1.jpg"
                                             class="img-fluid"
                                             alt=""/>
                                    </div>
                                </div>
                                <!--SINGLE BANNER-->
                                <div class="col-sm-8 col-md-8">
                                    <div class="banner-top" style="margin-bottom: 12px;">
                                        <div class="overlay">
                                            <a href="#">
                                                <i class="fa fa-plus"></i>
                                            </a>
                                        </div>
                                        <img src="/wang_theme/static/src/img/r-bot-banner-2.jpg"
                                             class="img-fluid"
                                             alt=""/>
                                    </div>
                                    <div class="banner-top">
                                        <div class="overlay">
                                            <a href="#">
                                                <i class="fa fa-plus"></i>
                                            </a>
                                        </div>
                                        <img src="/wang_theme/static/src/img/r-bot-banner-3.jpg"
                                             class="img-fluid"
                                             alt=""/>
                                    </div>
                                </div>
                            </div>
                        </section>
                        <section class="snippet_small_product_carousel mb8 mt-5">
                            <div class="container">
                                <div class="js_get_objects product_carousel_design timer_off"
                                     data-objects_in_slide="2"
                                     data-objects_limit="12"
                                     data-product_view="website_product_carousel.small_list_of_product_view"
                                     data-split_product_object="3"/>
                            </div>
                        </section>
                        <div class="oe_structure oe_empty"/>
                        <section class="s_blog_carousel mb8 from_blog">
                            <div class="container">
                                <t t-call="wang_theme.blog_slider_content"/>
                            </div>
                        </section>
                    </div>
                </div>
            </div>
        </section>
    </template>
</odoo>