<odoo>
    <template id="s_shipping" name="Shipping block">
        <section id="otcmsservices" class="mt-5">
            <div class="otcmsservices">
                <div class="row">
                    <div class="otshipping otservice col-3 col-sm-3">
                        <div class="service">
                            <div class="otshipping_img service-icon"></div>
                            <div class="service-content">
                                <div class="service-title">Free Delivery</div>
                                <div class="service-desc">Deliver to Door</div>
                            </div>
                        </div>
                    </div>
                    <div class="otsuppport otservice col-3 col-sm-3">
                        <div class="service">
                            <div class="otsuppport_img service-icon"></div>
                            <div class="service-content">
                                <div class="service-title">24x7 Support</div>
                                <div class="service-desc">in Safe Hands</div>
                            </div>
                        </div>
                    </div>
                    <div class="otsaving otservice col-3 col-sm-3">
                        <div class="service">
                            <div class="otsaving_img service-icon"></div>
                            <div class="service-content">
                                <div class="service-title">Big Discounts</div>
                                <div class="service-desc">at Lowest Price</div>
                            </div>
                        </div>
                    </div>
                    <div class="otmoneyback otservice col-3 col-sm-3">
                        <div class="service">
                            <div class="otmoneyback_img service-icon"></div>
                            <div class="service-content">
                                <div class="service-title">Money Back</div>
                                <div class="service-desc">Easy to Return</div>
                            </div>
                        </div>
                    </div>
                </div>
            </div>
        </section>
    </template>

</odoo>
