<odoo>
    <template id="s_side_category" name="Side Category">
        <section class="homepage_category mt-4">
            <div class="vertical-head">
                <h5 class="vertical-title">Categories</h5>
            </div>
            <div class="vertical-menu-content">
                <ul class="list-inline vertical-menu-list">
                    <t t-set="categories"
                       t-value="website.get_categories() if website else None"/>
                    <t t-if="categories">
                        <t t-foreach="categories['categories']" t-as="categ">
                            <t t-call="tecspek_all_options.menu_categories_recursive"/>
                        </t>
                    </t>
                </ul>
            </div>
        </section>
    </template>

</odoo>
