<odoo>
    <template id="s_three_big_img_1" name="Three Big Image Block 2">
        <section class="left-banner-two mar-bottom mt-4">
            <div class="banner-top mar-bottom">
                <div class="overlay">
                    <a href="">
                        <i class="fa fa-plus"></i>
                    </a>
                </div>
                <img src="/wang_theme/static/src/img/banner-left-two-top.jpg"
                     class="img-fluid" alt=""/>
            </div>
        </section>
    </template>

</odoo>
