<odoo>
    <template id="s_side_testimonial" name="Theme Testimonial">
        <section class="testimonial_3 mt-4">
            <div class="container">
                <div id="testimonial-slider-3" class="owl-carousel">
                    <div class="testimonial">
                        <div class="pic">
                            <img src="/tecspek_customize_theme/static/src/img/t_img-1.jpg"
                                 alt=""/>
                        </div>
                        <div class="testimonial-content">
                            <h3 class="testimonial-title">
                                <a href="#">williamson</a>
                            </h3>
                            <p class="description">
                                Lorem ipsum dolor sit amet, consectetur adipiscing elit.
                                Quisque
                                fermentum euismod mi in sodales. Integer vestibulum
                                lectus non risus
                                dictum iaculis. Proin eu ornare nibh.
                            </p>
                        </div>
                    </div>

                    <div class="testimonial">
                        <div class="pic">
                            <img src="/tecspek_customize_theme/static/src/img/t_img-2.jpg"
                                 alt=""/>
                        </div>
                        <div class="testimonial-content">
                            <h3 class="testimonial-title">
                                <a href="#">Kristiana</a>
                            </h3>
                            <p class="description">
                                Lorem ipsum dolor sit amet, consectetur adipiscing elit.
                                Quisque
                                fermentum euismod mi in sodales. Integer vestibulum
                                lectus non risus
                                dictum iaculis. Proin eu ornare nibh.
                            </p>
                        </div>
                    </div>
                    <div class="testimonial">
                        <div class="pic">
                            <img src="/tecspek_customize_theme/static/src/img/t_img-3.jpg"
                                 alt=""/>
                        </div>
                        <div class="testimonial-content">
                            <h3 class="testimonial-title">
                                <a href="#">williamson</a>
                            </h3>
                            <p class="description">
                                Lorem ipsum dolor sit amet, consectetur adipiscing elit.
                                Quisque
                                fermentum euismod mi in sodales. Integer vestibulum
                                lectus non risus
                                dictum iaculis. Proin eu ornare nibh.
                            </p>
                        </div>
                    </div>
                    <div class="testimonial">
                        <div class="pic">
                            <img src="/tecspek_customize_theme/static/src/img/t_img-1.jpg"
                                 alt=""/>
                        </div>
                        <div class="testimonial-content">
                            <h3 class="testimonial-title">
                                <a href="#">williamson</a>
                            </h3>
                            <p class="description">
                                Lorem ipsum dolor sit amet, consectetur adipiscing elit.
                                Quisque
                                fermentum euismod mi in sodales. Integer vestibulum
                                lectus non risus
                                dictum iaculis. Proin eu ornare nibh.
                            </p>
                        </div>
                    </div>
                </div>
            </div>
        </section>
    </template>

</odoo>
