<odoo>
    <template id="s_three_big_img" name="Three Big Image Block 1">
        <section class="left-banner-two mar-bottom mt-4 mb-5">
            <div class="banner-bottom">
                <div class="overlay">
                    <a href="">
                        <i class="fa fa-plus"></i>
                    </a>
                </div>
                <img src="/wang_theme/static/src/img/banner-04.jpg" class="img-fluid"
                     alt=""/>
            </div>
        </section>
    </template>

</odoo>
