<odoo>
    <template id="s_theme_tab_carousel" name="Theme Tab Carousel">
        <section class="tab-carousel mt-5">
            <div class="tab" role="tabpanel">
                <!-- Nav tabs -->
                <ul class="nav nav-tabs" role="tablist">
                    <li role="presentation" class="nav-item">
                        <a class="active show nav-link" href="#newproduct"
                           aria-controls="home"
                           role="tab"
                           data-toggle="tab">New Product
                        </a>
                    </li>
                    <li role="presentation" class="nav-item">
                        <a href="#featured" class="nav-link" aria-controls="profile"
                           role="tab"
                           data-toggle="tab">Featured
                        </a>
                    </li>
                    <li role="presentation" class="nav-item">
                        <a href="#bestdeal" class="nav-link" aria-controls="messages"
                           role="tab"
                           data-toggle="tab">Best deal
                        </a>
                    </li>
                </ul>
                <!-- Tab panes -->
                <div class="tab-content tabs">
                    <div class="tab-pane active" id="newproduct">
                        <section class="snippet_product_carousel mb8">
                            <div class="container">
                                <div class="js_get_objects product_carousel_design headline_off rating_off timer_off"
                                     data-objects_in_slide="3" data-objects_limit="10"
                                     data-product_view="website_product_carousel.list_of_product_view"
                                     data-split_product_object="1"/>
                            </div>
                        </section>

                    </div>
                    <div class="tab-pane fade" id="featured">
                        <section class="snippet_product_carousel mb8">
                            <div class="container">
                                <div class="js_get_objects product_carousel_design headline_off rating_off timer_off"
                                     data-objects_in_slide="3" data-objects_limit="10"
                                     data-product_view="website_product_carousel.list_of_product_view"
                                     data-split_product_object="1"/>
                            </div>
                        </section>

                    </div>
                    <div class="tab-pane fade" id="bestdeal">
                        <section class="snippet_product_carousel mb8">
                            <div class="container">
                                <div class="js_get_objects product_carousel_design headline_off rating_off timer_off"
                                     data-objects_in_slide="3" data-objects_limit="10"
                                     data-product_view="website_product_carousel.list_of_product_view"
                                     data-split_product_object="1"/>
                            </div>
                        </section>

                    </div>
                </div>
            </div>
        </section>
    </template>

</odoo>
