<odoo>
    <template id="s_three_img_block" name="Three Image Block">
        <section class="mt-4">
            <div class="right-top-banner-two row">
                <!--SINGLE BANNER-->
                <div class="col-xs-12 col-sm-4 col-md-4">
                    <div class="banner-top mar-bottom">
                        <div class="overlay">
                            <a href="">
                                <i class="fa fa-plus"></i>
                            </a>
                        </div>
                        <img src="/wang_theme/static/src/img/right-banner-two-1.jpg"
                             class="img-fluid"
                             alt=""/>
                    </div>
                </div>
                <!--SINGLE BANNER-->
                <div class="col-xs-12 col-sm-4 col-md-4">
                    <div class="banner-top mar-bottom">
                        <div class="overlay">
                            <a href="">
                                <i class="fa fa-plus"></i>
                            </a>
                        </div>
                        <img src="/wang_theme/static/src/img/right-banner-two-2.jpg"
                             class="img-fluid"
                             alt=""/>
                    </div>
                </div>
                <!--SINGLE BANNER-->
                <div class="col-xs-12 col-sm-4 col-md-4">
                    <div class="banner-top">
                        <div class="overlay">
                            <a href="">
                                <i class="fa fa-plus"></i>
                            </a>
                        </div>
                        <img src="/wang_theme/static/src/img/right-banner-two-3.jpg"
                             class="img-fluid"
                             alt=""/>
                    </div>
                </div>
            </div>
        </section>
    </template>

</odoo>
