<odoo>
    <template id="s_theme_banner" name="Theme Banner">
        <div id="myCarousel1546064878134"
             class="s_carousel s_carousel_default carousel slide mt-4 wang-banner"
             data-interval="10000" style="height: 465px;">
            <ol class="carousel-indicators">
                <li data-target="#myCarousel1546064878134" data-slide-to="0"
                    class="active"/>
                <li data-target="#myCarousel1546064878134" data-slide-to="1"/>
            </ol>
            <div class="carousel-inner">
                <div class="carousel-item oe_custom_bg oe_img_bg pt80 pb152 "
                     style="background-image: url(&quot;/wang_theme/static/src/img/slider-two-01.jpg&quot;);"
                     data-name="Slide">
                    <div class="container">
                        <div class="row content">
                            <div class="carousel-content col-lg-7 offset-lg-1">
                                <div class="s_title pb8" data-name="Title">
                                    <h2 class="s_title_default text-white">
                                        <font style="font-size: 62px;"
                                              class="o_default_snippet_text">MEN
                                        </font>
                                    </h2>
                                    <h2 class="s_title_default text-white">
                                        <font style="font-size: 62px;"
                                              class="o_default_snippet_text">COLLECTION
                                            2019
                                        </font>
                                    </h2>
                                </div>
                                <div class="s_btn text-left pt16 pb16"
                                     data-name="Buttons">
                                    <a href="/aboutus"
                                       class="btn btn-secondary flat o_default_snippet_text">
                                        About us
                                    </a>
                                    <a href="/contactus"
                                       class="btn btn-primary flat o_default_snippet_text">
                                        Contact us
                                    </a>
                                </div>
                            </div>
                        </div>
                    </div>
                </div>
                <div class="carousel-item oe_custom_bg oe_img_bg pt80 pb152 active"
                     style="background-image: url(&quot;/wang_theme/static/src/img/slider-two-02.jpg&quot;);"
                     data-name="Slide">
                    <div class="container">
                        <div class="row content">
                            <div class="carousel-content col-lg-7 offset-lg-1">
                                <div class="s_title pb8" data-name="Title">
                                    <h2 class="s_title_default text-white">
                                        <font style="font-size: 62px;"
                                              class="o_default_snippet_text">WOMEN
                                        </font>
                                    </h2>
                                    <h2 class="s_title_default text-white">
                                        <font style="font-size: 62px;"
                                              class="o_default_snippet_text">COLLECTION
                                            2019
                                        </font>
                                    </h2>
                                </div>
                                <div class="s_btn text-left pt16 pb16"
                                     data-name="Buttons">
                                    <a href="/aboutus"
                                       class="btn btn-secondary flat o_default_snippet_text">
                                        About us
                                    </a>
                                    <a href="/contactus"
                                       class="btn btn-primary flat o_default_snippet_text">
                                        Contact us
                                    </a>
                                </div>
                            </div>
                        </div>
                    </div>
                </div>
            </div>
            <div class="carousel-control-prev" data-target="#myCarousel1546064878134"
                 data-slide="prev" role="img" aria-label="Previous" title="Previous">
                <span class="carousel-control-prev-icon"/>
                <span class="sr-only o_default_snippet_text">Previous</span>
            </div>
            <div class="carousel-control-next" data-target="#myCarousel1546064878134"
                 data-slide="next" role="img" aria-label="Next" title="Next">
                <span class="carousel-control-next-icon"/>
                <span class="sr-only o_default_snippet_text">Next</span>
            </div>
        </div>
    </template>

</odoo>
