<odoo>
    <template id="s_three_big_img" name="Three Big Image Block">
        <section class="right-bottom-banner-two">
            <div class="row">
                <!--SINGLE BANNER-->
                <div class="col-sm-4 col-md-4">
                    <div class="banner-top">
                        <div class="overlay">
                            <a href="#">
                                <i class="fa fa-plus"></i>
                            </a>
                        </div>
                        <img src="/wang_theme/static/src/img/r-bot-banner-1.jpg"
                             class="img-fluid"
                             alt=""/>
                    </div>
                </div>
                <!--SINGLE BANNER-->
                <div class="col-sm-8 col-md-8">
                    <div class="banner-top" style="margin-bottom: 12px;">
                        <div class="overlay">
                            <a href="#">
                                <i class="fa fa-plus"></i>
                            </a>
                        </div>
                        <img src="/wang_theme/static/src/img/r-bot-banner-2.jpg"
                             class="img-fluid"
                             alt=""/>
                    </div>
                    <div class="banner-top">
                        <div class="overlay">
                            <a href="#">
                                <i class="fa fa-plus"></i>
                            </a>
                        </div>
                        <img src="/wang_theme/static/src/img/r-bot-banner-3.jpg"
                             class="img-fluid"
                             alt=""/>
                    </div>
                </div>
            </div>
        </section>
    </template>

</odoo>
