<odoo>
    <template id="s_two_img_block" name="Two Image Block">
        <section class="mt-4">
            <div class="row">
                <!--SINGLE BANNER-->
                <div class="col-sm-8 col-md-8">
                    <div class="left-banner">
                        <div class="overlay">
                            <a href="">
                                <i class="fa fa-plus"></i>
                            </a>
                        </div>
                        <img src="/wang_theme/static/src/img/left-banner.jpg" alt=""
                             class="img-fluid"/>
                    </div>
                </div>
                <div class="col-sm-4 col-md-4">
                    <div class="right-banner">
                        <div class="overlay">
                            <a href="">
                                <i class="fa fa-plus"></i>
                            </a>
                        </div>
                        <img src="/wang_theme/static/src/img/right-banner.jpg" alt=""
                             class="img-fluid"/>
                    </div>
                </div>
            </div>
        </section>
    </template>

</odoo>
