<?xml version="1.0" encoding="utf-8"?>
<!--
Copyright (C) 2015 DevIntelle Consulting Service Pvt.Ltd (<http://www.devintellecs.com>).

For Module Support : devintelle@gmail.com  or Skype : devintelle 
 -->
<odoo>
        
        <record id="contract_prenda" model="ir.sequence">
            <field name="name">Sequence Prenda</field>
            <field name="code">contract.prenda</field>
            <field name="prefix">P/%(year)s/</field>
            <field name="padding">4</field>
        </record>

        <record id="contract_articulo" model="ir.sequence">
            <field name="name">Sequence Articulo</field>
            <field name="code">contract.articulo</field>
            <field name="prefix">A/%(year)s/</field>
            <field name="padding">4</field>
        </record>

        <record id="contract_carro" model="ir.sequence">
            <field name="name">Sequence Carro</field>
            <field name="code">contract.carro</field>
            <field name="prefix">C/%(year)s/</field>
            <field name="padding">4</field>
        </record>

        <record id="contract_moto" model="ir.sequence">
            <field name="name">Sequence Prenda</field>
            <field name="code">contract.moto</field>
            <field name="prefix">M/%(year)s/</field>
            <field name="padding">4</field>
        </record>

        <record id="contract_bicicleta" model="ir.sequence">
            <field name="name">Sequence Bicicleta</field>
            <field name="code">contract.bicicleta</field>
            <field name="prefix">B/%(year)s/</field>
            <field name="padding">4</field>
        </record>


</odoo>
